2026-04-18 22:12:12,502 [INFO] main: Aplikasi dibuka!
2026-04-18 22:12:12,725 [INFO] gui.main_window: Sinyal Action terhubung
2026-04-18 22:12:15,372 [INFO] gui.main_window: action_disease_predict ditekan
2026-04-18 22:12:16,218 [INFO] gui.input_dialog: btn_browse_tif ditekan
2026-04-18 22:12:20,242 [INFO] gui.input_dialog: btn_browse_shp ditekan
2026-04-18 22:12:25,010 [INFO] gui.input_dialog: btn_browse_out ditekan
2026-04-18 22:12:31,436 [INFO] gui.viewer: Membuka raster
2026-04-18 22:12:32,099 [INFO] gui.layer_panel: Sinyal terdeteksi, perbarui z-order
2026-04-18 22:12:32,100 [INFO] gui.layer_panel: Layer IDs di panel: [1]
2026-04-18 22:12:32,100 [INFO] gui.viewer: Mengatur z-order: [1]
2026-04-18 22:12:32,100 [INFO] gui.layer_panel: Berhasil menambah 'hasil_potong.tif' dengan ID: 1
2026-04-18 22:12:32,100 [INFO] gui.viewer: Membuka shapefile
2026-04-18 22:12:32,118 [INFO] gui.layer_panel: Sinyal terdeteksi, perbarui z-order
2026-04-18 22:12:32,118 [INFO] gui.layer_panel: Layer IDs di panel: [1, 2]
2026-04-18 22:12:32,118 [INFO] gui.viewer: Mengatur z-order: [1, 2]
2026-04-18 22:12:32,119 [INFO] gui.layer_panel: Berhasil menambah 'Lahan 2_0.shp' dengan ID: 2
2026-04-18 22:12:32,125 [INFO] core.splitter: Memulai pembuatan multipoligon...
2026-04-18 22:12:32,150 [INFO] gui.main_window: Progress 10% - Generating multi polygon...
2026-04-18 22:12:32,152 [INFO] gui.main_window: Progress 11% - Loading polygon crs...
2026-04-18 22:12:32,154 [INFO] gui.main_window: Progress 12% - Generating random points...
2026-04-18 22:12:32,240 [INFO] gui.main_window: Progress 13% - Clustering points...
2026-04-18 22:12:37,834 [INFO] gui.main_window: Progress 14% - Generating aggregates...
2026-04-18 22:12:37,897 [INFO] gui.main_window: Progress 15% - Calculating centroids...
2026-04-18 22:12:37,906 [INFO] gui.main_window: Progress 16% - Generating voronoi polygons...
2026-04-18 22:12:38,042 [INFO] gui.main_window: Progress 19% - Performing intersection...
2026-04-18 22:12:38,235 [INFO] core.clipper: Memulai clipping...
2026-04-18 22:12:38,236 [INFO] gui.main_window: Progress 20% - Loading raster file...
2026-04-18 22:12:38,919 [INFO] core.transformer: Memulai proses transformasi...
2026-04-18 22:12:38,919 [INFO] gui.main_window: Progress 30% - Transforming with NDVI...
2026-04-18 22:12:39,304 [INFO] core.segmenter: Memulai proses segmentasi...
2026-04-18 22:12:39,305 [INFO] gui.main_window: Progress 40% - Separating vegetation...
2026-04-18 22:12:39,511 [INFO] gui.main_window: Progress 40% - Separating vegetation (10/2093)...
2026-04-18 22:12:39,669 [INFO] gui.main_window: Progress 40% - Separating vegetation (20/2093)...
2026-04-18 22:12:39,864 [INFO] gui.main_window: Progress 40% - Separating vegetation (30/2093)...
2026-04-18 22:12:40,020 [INFO] gui.main_window: Progress 40% - Separating vegetation (40/2093)...
2026-04-18 22:12:40,178 [INFO] gui.main_window: Progress 40% - Separating vegetation (50/2093)...
2026-04-18 22:12:40,350 [INFO] gui.main_window: Progress 40% - Separating vegetation (60/2093)...
2026-04-18 22:12:40,534 [INFO] gui.main_window: Progress 40% - Separating vegetation (70/2093)...
2026-04-18 22:12:40,704 [INFO] gui.main_window: Progress 40% - Separating vegetation (80/2093)...
2026-04-18 22:12:40,862 [INFO] gui.main_window: Progress 40% - Separating vegetation (90/2093)...
2026-04-18 22:12:41,021 [INFO] gui.main_window: Progress 40% - Separating vegetation (100/2093)...
2026-04-18 22:12:41,182 [INFO] gui.main_window: Progress 40% - Separating vegetation (110/2093)...
2026-04-18 22:12:41,342 [INFO] gui.main_window: Progress 40% - Separating vegetation (120/2093)...
2026-04-18 22:12:41,502 [INFO] gui.main_window: Progress 40% - Separating vegetation (130/2093)...
2026-04-18 22:12:41,662 [INFO] gui.main_window: Progress 40% - Separating vegetation (140/2093)...
2026-04-18 22:12:41,822 [INFO] gui.main_window: Progress 40% - Separating vegetation (150/2093)...
2026-04-18 22:12:41,981 [INFO] gui.main_window: Progress 40% - Separating vegetation (160/2093)...
2026-04-18 22:12:42,140 [INFO] gui.main_window: Progress 40% - Separating vegetation (170/2093)...
2026-04-18 22:12:42,300 [INFO] gui.main_window: Progress 40% - Separating vegetation (180/2093)...
2026-04-18 22:12:42,459 [INFO] gui.main_window: Progress 40% - Separating vegetation (190/2093)...
2026-04-18 22:12:42,619 [INFO] gui.main_window: Progress 40% - Separating vegetation (200/2093)...
2026-04-18 22:12:42,779 [INFO] gui.main_window: Progress 41% - Separating vegetation (210/2093)...
2026-04-18 22:12:42,939 [INFO] gui.main_window: Progress 41% - Separating vegetation (220/2093)...
2026-04-18 22:12:43,099 [INFO] gui.main_window: Progress 41% - Separating vegetation (230/2093)...
2026-04-18 22:12:43,269 [INFO] gui.main_window: Progress 41% - Separating vegetation (240/2093)...
2026-04-18 22:12:43,429 [INFO] gui.main_window: Progress 41% - Separating vegetation (250/2093)...
2026-04-18 22:12:43,589 [INFO] gui.main_window: Progress 41% - Separating vegetation (260/2093)...
2026-04-18 22:12:43,759 [INFO] gui.main_window: Progress 41% - Separating vegetation (270/2093)...
2026-04-18 22:12:43,947 [INFO] gui.main_window: Progress 41% - Separating vegetation (280/2093)...
2026-04-18 22:12:44,105 [INFO] gui.main_window: Progress 41% - Separating vegetation (290/2093)...
2026-04-18 22:12:44,266 [INFO] gui.main_window: Progress 41% - Separating vegetation (300/2093)...
2026-04-18 22:12:44,435 [INFO] gui.main_window: Progress 41% - Separating vegetation (310/2093)...
2026-04-18 22:12:44,596 [INFO] gui.main_window: Progress 41% - Separating vegetation (320/2093)...
2026-04-18 22:12:44,753 [INFO] gui.main_window: Progress 41% - Separating vegetation (330/2093)...
2026-04-18 22:12:44,953 [INFO] gui.main_window: Progress 41% - Separating vegetation (340/2093)...
2026-04-18 22:12:45,123 [INFO] gui.main_window: Progress 41% - Separating vegetation (350/2093)...
2026-04-18 22:12:45,293 [INFO] gui.main_window: Progress 41% - Separating vegetation (360/2093)...
2026-04-18 22:12:45,462 [INFO] gui.main_window: Progress 41% - Separating vegetation (370/2093)...
2026-04-18 22:12:45,632 [INFO] gui.main_window: Progress 41% - Separating vegetation (380/2093)...
2026-04-18 22:12:45,811 [INFO] gui.main_window: Progress 41% - Separating vegetation (390/2093)...
2026-04-18 22:12:45,972 [INFO] gui.main_window: Progress 41% - Separating vegetation (400/2093)...
2026-04-18 22:12:46,141 [INFO] gui.main_window: Progress 41% - Separating vegetation (410/2093)...
2026-04-18 22:12:46,334 [INFO] gui.main_window: Progress 42% - Separating vegetation (420/2093)...
2026-04-18 22:12:46,495 [INFO] gui.main_window: Progress 42% - Separating vegetation (430/2093)...
2026-04-18 22:12:46,697 [INFO] gui.main_window: Progress 42% - Separating vegetation (440/2093)...
2026-04-18 22:12:46,889 [INFO] gui.main_window: Progress 42% - Separating vegetation (450/2093)...
2026-04-18 22:12:47,078 [INFO] gui.main_window: Progress 42% - Separating vegetation (460/2093)...
2026-04-18 22:12:47,238 [INFO] gui.main_window: Progress 42% - Separating vegetation (470/2093)...
2026-04-18 22:12:47,408 [INFO] gui.main_window: Progress 42% - Separating vegetation (480/2093)...
2026-04-18 22:12:47,579 [INFO] gui.main_window: Progress 42% - Separating vegetation (490/2093)...
2026-04-18 22:12:47,749 [INFO] gui.main_window: Progress 42% - Separating vegetation (500/2093)...
2026-04-18 22:12:47,920 [INFO] gui.main_window: Progress 42% - Separating vegetation (510/2093)...
2026-04-18 22:12:48,149 [INFO] gui.main_window: Progress 42% - Separating vegetation (520/2093)...
2026-04-18 22:12:48,331 [INFO] gui.main_window: Progress 42% - Separating vegetation (530/2093)...
2026-04-18 22:12:48,553 [INFO] gui.main_window: Progress 42% - Separating vegetation (540/2093)...
2026-04-18 22:12:48,802 [INFO] gui.main_window: Progress 42% - Separating vegetation (550/2093)...
2026-04-18 22:12:48,973 [INFO] gui.main_window: Progress 42% - Separating vegetation (560/2093)...
2026-04-18 22:12:49,154 [INFO] gui.main_window: Progress 42% - Separating vegetation (570/2093)...
2026-04-18 22:12:49,314 [INFO] gui.main_window: Progress 42% - Separating vegetation (580/2093)...
2026-04-18 22:12:49,494 [INFO] gui.main_window: Progress 42% - Separating vegetation (590/2093)...
2026-04-18 22:12:49,673 [INFO] gui.main_window: Progress 42% - Separating vegetation (600/2093)...
2026-04-18 22:12:49,851 [INFO] gui.main_window: Progress 42% - Separating vegetation (610/2093)...
2026-04-18 22:12:50,032 [INFO] gui.main_window: Progress 42% - Separating vegetation (620/2093)...
2026-04-18 22:12:50,224 [INFO] gui.main_window: Progress 43% - Separating vegetation (630/2093)...
2026-04-18 22:12:50,405 [INFO] gui.main_window: Progress 43% - Separating vegetation (640/2093)...
2026-04-18 22:12:50,586 [INFO] gui.main_window: Progress 43% - Separating vegetation (650/2093)...
2026-04-18 22:12:50,765 [INFO] gui.main_window: Progress 43% - Separating vegetation (660/2093)...
2026-04-18 22:12:50,936 [INFO] gui.main_window: Progress 43% - Separating vegetation (670/2093)...
2026-04-18 22:12:51,108 [INFO] gui.main_window: Progress 43% - Separating vegetation (680/2093)...
2026-04-18 22:12:51,297 [INFO] gui.main_window: Progress 43% - Separating vegetation (690/2093)...
2026-04-18 22:12:51,497 [INFO] gui.main_window: Progress 43% - Separating vegetation (700/2093)...
2026-04-18 22:12:51,699 [INFO] gui.main_window: Progress 43% - Separating vegetation (710/2093)...
2026-04-18 22:12:51,899 [INFO] gui.main_window: Progress 43% - Separating vegetation (720/2093)...
2026-04-18 22:12:52,110 [INFO] gui.main_window: Progress 43% - Separating vegetation (730/2093)...
2026-04-18 22:12:52,301 [INFO] gui.main_window: Progress 43% - Separating vegetation (740/2093)...
2026-04-18 22:12:52,472 [INFO] gui.main_window: Progress 43% - Separating vegetation (750/2093)...
2026-04-18 22:12:52,640 [INFO] gui.main_window: Progress 43% - Separating vegetation (760/2093)...
2026-04-18 22:12:52,831 [INFO] gui.main_window: Progress 43% - Separating vegetation (770/2093)...
2026-04-18 22:12:53,043 [INFO] gui.main_window: Progress 43% - Separating vegetation (780/2093)...
2026-04-18 22:12:53,249 [INFO] gui.main_window: Progress 43% - Separating vegetation (790/2093)...
2026-04-18 22:12:53,439 [INFO] gui.main_window: Progress 43% - Separating vegetation (800/2093)...
2026-04-18 22:12:53,638 [INFO] gui.main_window: Progress 43% - Separating vegetation (810/2093)...
2026-04-18 22:12:53,809 [INFO] gui.main_window: Progress 43% - Separating vegetation (820/2093)...
2026-04-18 22:12:53,997 [INFO] gui.main_window: Progress 43% - Separating vegetation (830/2093)...
2026-04-18 22:12:54,198 [INFO] gui.main_window: Progress 44% - Separating vegetation (840/2093)...
2026-04-18 22:12:54,390 [INFO] gui.main_window: Progress 44% - Separating vegetation (850/2093)...
2026-04-18 22:12:54,579 [INFO] gui.main_window: Progress 44% - Separating vegetation (860/2093)...
2026-04-18 22:12:54,767 [INFO] gui.main_window: Progress 44% - Separating vegetation (870/2093)...
2026-04-18 22:12:54,948 [INFO] gui.main_window: Progress 44% - Separating vegetation (880/2093)...
2026-04-18 22:12:55,130 [INFO] gui.main_window: Progress 44% - Separating vegetation (890/2093)...
2026-04-18 22:12:55,311 [INFO] gui.main_window: Progress 44% - Separating vegetation (900/2093)...
2026-04-18 22:12:55,501 [INFO] gui.main_window: Progress 44% - Separating vegetation (910/2093)...
2026-04-18 22:12:55,683 [INFO] gui.main_window: Progress 44% - Separating vegetation (920/2093)...
2026-04-18 22:12:55,854 [INFO] gui.main_window: Progress 44% - Separating vegetation (930/2093)...
2026-04-18 22:12:56,024 [INFO] gui.main_window: Progress 44% - Separating vegetation (940/2093)...
2026-04-18 22:12:56,205 [INFO] gui.main_window: Progress 44% - Separating vegetation (950/2093)...
2026-04-18 22:12:56,385 [INFO] gui.main_window: Progress 44% - Separating vegetation (960/2093)...
2026-04-18 22:12:56,554 [INFO] gui.main_window: Progress 44% - Separating vegetation (970/2093)...
2026-04-18 22:12:56,715 [INFO] gui.main_window: Progress 44% - Separating vegetation (980/2093)...
2026-04-18 22:12:56,915 [INFO] gui.main_window: Progress 44% - Separating vegetation (990/2093)...
2026-04-18 22:12:57,097 [INFO] gui.main_window: Progress 44% - Separating vegetation (1000/2093)...
2026-04-18 22:12:57,278 [INFO] gui.main_window: Progress 44% - Separating vegetation (1010/2093)...
2026-04-18 22:12:57,497 [INFO] gui.main_window: Progress 44% - Separating vegetation (1020/2093)...
2026-04-18 22:12:57,668 [INFO] gui.main_window: Progress 44% - Separating vegetation (1030/2093)...
2026-04-18 22:12:57,828 [INFO] gui.main_window: Progress 44% - Separating vegetation (1040/2093)...
2026-04-18 22:12:58,045 [INFO] gui.main_window: Progress 45% - Separating vegetation (1050/2093)...
2026-04-18 22:12:58,237 [INFO] gui.main_window: Progress 45% - Separating vegetation (1060/2093)...
2026-04-18 22:12:58,486 [INFO] gui.main_window: Progress 45% - Separating vegetation (1070/2093)...
2026-04-18 22:12:58,678 [INFO] gui.main_window: Progress 45% - Separating vegetation (1080/2093)...
2026-04-18 22:12:58,900 [INFO] gui.main_window: Progress 45% - Separating vegetation (1090/2093)...
2026-04-18 22:12:59,103 [INFO] gui.main_window: Progress 45% - Separating vegetation (1100/2093)...
2026-04-18 22:12:59,275 [INFO] gui.main_window: Progress 45% - Separating vegetation (1110/2093)...
2026-04-18 22:12:59,512 [INFO] gui.main_window: Progress 45% - Separating vegetation (1120/2093)...
2026-04-18 22:12:59,728 [INFO] gui.main_window: Progress 45% - Separating vegetation (1130/2093)...
2026-04-18 22:12:59,910 [INFO] gui.main_window: Progress 45% - Separating vegetation (1140/2093)...
2026-04-18 22:13:00,121 [INFO] gui.main_window: Progress 45% - Separating vegetation (1150/2093)...
2026-04-18 22:13:00,314 [INFO] gui.main_window: Progress 45% - Separating vegetation (1160/2093)...
2026-04-18 22:13:00,534 [INFO] gui.main_window: Progress 45% - Separating vegetation (1170/2093)...
2026-04-18 22:13:00,725 [INFO] gui.main_window: Progress 45% - Separating vegetation (1180/2093)...
2026-04-18 22:13:00,925 [INFO] gui.main_window: Progress 45% - Separating vegetation (1190/2093)...
2026-04-18 22:13:01,107 [INFO] gui.main_window: Progress 45% - Separating vegetation (1200/2093)...
2026-04-18 22:13:01,268 [INFO] gui.main_window: Progress 45% - Separating vegetation (1210/2093)...
2026-04-18 22:13:01,430 [INFO] gui.main_window: Progress 45% - Separating vegetation (1220/2093)...
2026-04-18 22:13:01,629 [INFO] gui.main_window: Progress 45% - Separating vegetation (1230/2093)...
2026-04-18 22:13:01,799 [INFO] gui.main_window: Progress 45% - Separating vegetation (1240/2093)...
2026-04-18 22:13:01,979 [INFO] gui.main_window: Progress 45% - Separating vegetation (1250/2093)...
2026-04-18 22:13:02,182 [INFO] gui.main_window: Progress 46% - Separating vegetation (1260/2093)...
2026-04-18 22:13:02,374 [INFO] gui.main_window: Progress 46% - Separating vegetation (1270/2093)...
2026-04-18 22:13:02,546 [INFO] gui.main_window: Progress 46% - Separating vegetation (1280/2093)...
2026-04-18 22:13:02,726 [INFO] gui.main_window: Progress 46% - Separating vegetation (1290/2093)...
2026-04-18 22:13:02,896 [INFO] gui.main_window: Progress 46% - Separating vegetation (1300/2093)...
2026-04-18 22:13:03,086 [INFO] gui.main_window: Progress 46% - Separating vegetation (1310/2093)...
2026-04-18 22:13:03,277 [INFO] gui.main_window: Progress 46% - Separating vegetation (1320/2093)...
2026-04-18 22:13:03,518 [INFO] gui.main_window: Progress 46% - Separating vegetation (1330/2093)...
2026-04-18 22:13:03,689 [INFO] gui.main_window: Progress 46% - Separating vegetation (1340/2093)...
2026-04-18 22:13:03,870 [INFO] gui.main_window: Progress 46% - Separating vegetation (1350/2093)...
2026-04-18 22:13:04,040 [INFO] gui.main_window: Progress 46% - Separating vegetation (1360/2093)...
2026-04-18 22:13:04,231 [INFO] gui.main_window: Progress 46% - Separating vegetation (1370/2093)...
2026-04-18 22:13:04,390 [INFO] gui.main_window: Progress 46% - Separating vegetation (1380/2093)...
2026-04-18 22:13:04,560 [INFO] gui.main_window: Progress 46% - Separating vegetation (1390/2093)...
2026-04-18 22:13:04,719 [INFO] gui.main_window: Progress 46% - Separating vegetation (1400/2093)...
2026-04-18 22:13:04,880 [INFO] gui.main_window: Progress 46% - Separating vegetation (1410/2093)...
2026-04-18 22:13:05,049 [INFO] gui.main_window: Progress 46% - Separating vegetation (1420/2093)...
2026-04-18 22:13:05,238 [INFO] gui.main_window: Progress 46% - Separating vegetation (1430/2093)...
2026-04-18 22:13:05,418 [INFO] gui.main_window: Progress 46% - Separating vegetation (1440/2093)...
2026-04-18 22:13:05,598 [INFO] gui.main_window: Progress 46% - Separating vegetation (1450/2093)...
2026-04-18 22:13:05,768 [INFO] gui.main_window: Progress 46% - Separating vegetation (1460/2093)...
2026-04-18 22:13:05,948 [INFO] gui.main_window: Progress 47% - Separating vegetation (1470/2093)...
2026-04-18 22:13:06,118 [INFO] gui.main_window: Progress 47% - Separating vegetation (1480/2093)...
2026-04-18 22:13:06,310 [INFO] gui.main_window: Progress 47% - Separating vegetation (1490/2093)...
2026-04-18 22:13:06,490 [INFO] gui.main_window: Progress 47% - Separating vegetation (1500/2093)...
2026-04-18 22:13:06,716 [INFO] gui.main_window: Progress 47% - Separating vegetation (1510/2093)...
2026-04-18 22:13:06,886 [INFO] gui.main_window: Progress 47% - Separating vegetation (1520/2093)...
2026-04-18 22:13:07,075 [INFO] gui.main_window: Progress 47% - Separating vegetation (1530/2093)...
2026-04-18 22:13:07,267 [INFO] gui.main_window: Progress 47% - Separating vegetation (1540/2093)...
2026-04-18 22:13:07,460 [INFO] gui.main_window: Progress 47% - Separating vegetation (1550/2093)...
2026-04-18 22:13:07,655 [INFO] gui.main_window: Progress 47% - Separating vegetation (1560/2093)...
2026-04-18 22:13:07,825 [INFO] gui.main_window: Progress 47% - Separating vegetation (1570/2093)...
2026-04-18 22:13:08,006 [INFO] gui.main_window: Progress 47% - Separating vegetation (1580/2093)...
2026-04-18 22:13:08,195 [INFO] gui.main_window: Progress 47% - Separating vegetation (1590/2093)...
2026-04-18 22:13:08,373 [INFO] gui.main_window: Progress 47% - Separating vegetation (1600/2093)...
2026-04-18 22:13:08,544 [INFO] gui.main_window: Progress 47% - Separating vegetation (1610/2093)...
2026-04-18 22:13:08,725 [INFO] gui.main_window: Progress 47% - Separating vegetation (1620/2093)...
2026-04-18 22:13:08,904 [INFO] gui.main_window: Progress 47% - Separating vegetation (1630/2093)...
2026-04-18 22:13:09,075 [INFO] gui.main_window: Progress 47% - Separating vegetation (1640/2093)...
2026-04-18 22:13:09,245 [INFO] gui.main_window: Progress 47% - Separating vegetation (1650/2093)...
2026-04-18 22:13:09,414 [INFO] gui.main_window: Progress 47% - Separating vegetation (1660/2093)...
2026-04-18 22:13:09,594 [INFO] gui.main_window: Progress 47% - Separating vegetation (1670/2093)...
2026-04-18 22:13:09,754 [INFO] gui.main_window: Progress 48% - Separating vegetation (1680/2093)...
2026-04-18 22:13:09,935 [INFO] gui.main_window: Progress 48% - Separating vegetation (1690/2093)...
2026-04-18 22:13:10,095 [INFO] gui.main_window: Progress 48% - Separating vegetation (1700/2093)...
2026-04-18 22:13:10,264 [INFO] gui.main_window: Progress 48% - Separating vegetation (1710/2093)...
2026-04-18 22:13:10,443 [INFO] gui.main_window: Progress 48% - Separating vegetation (1720/2093)...
2026-04-18 22:13:10,624 [INFO] gui.main_window: Progress 48% - Separating vegetation (1730/2093)...
2026-04-18 22:13:10,805 [INFO] gui.main_window: Progress 48% - Separating vegetation (1740/2093)...
2026-04-18 22:13:10,975 [INFO] gui.main_window: Progress 48% - Separating vegetation (1750/2093)...
2026-04-18 22:13:11,144 [INFO] gui.main_window: Progress 48% - Separating vegetation (1760/2093)...
2026-04-18 22:13:11,310 [INFO] gui.main_window: Progress 48% - Separating vegetation (1770/2093)...
2026-04-18 22:13:11,481 [INFO] gui.main_window: Progress 48% - Separating vegetation (1780/2093)...
2026-04-18 22:13:11,651 [INFO] gui.main_window: Progress 48% - Separating vegetation (1790/2093)...
2026-04-18 22:13:11,857 [INFO] gui.main_window: Progress 48% - Separating vegetation (1800/2093)...
2026-04-18 22:13:12,026 [INFO] gui.main_window: Progress 48% - Separating vegetation (1810/2093)...
2026-04-18 22:13:12,236 [INFO] gui.main_window: Progress 48% - Separating vegetation (1820/2093)...
2026-04-18 22:13:12,407 [INFO] gui.main_window: Progress 48% - Separating vegetation (1830/2093)...
2026-04-18 22:13:12,567 [INFO] gui.main_window: Progress 48% - Separating vegetation (1840/2093)...
2026-04-18 22:13:12,726 [INFO] gui.main_window: Progress 48% - Separating vegetation (1850/2093)...
2026-04-18 22:13:12,884 [INFO] gui.main_window: Progress 48% - Separating vegetation (1860/2093)...
2026-04-18 22:13:13,044 [INFO] gui.main_window: Progress 48% - Separating vegetation (1870/2093)...
2026-04-18 22:13:13,203 [INFO] gui.main_window: Progress 48% - Separating vegetation (1880/2093)...
2026-04-18 22:13:13,361 [INFO] gui.main_window: Progress 49% - Separating vegetation (1890/2093)...
2026-04-18 22:13:13,518 [INFO] gui.main_window: Progress 49% - Separating vegetation (1900/2093)...
2026-04-18 22:13:13,677 [INFO] gui.main_window: Progress 49% - Separating vegetation (1910/2093)...
2026-04-18 22:13:13,834 [INFO] gui.main_window: Progress 49% - Separating vegetation (1920/2093)...
2026-04-18 22:13:13,992 [INFO] gui.main_window: Progress 49% - Separating vegetation (1930/2093)...
2026-04-18 22:13:14,151 [INFO] gui.main_window: Progress 49% - Separating vegetation (1940/2093)...
2026-04-18 22:13:14,310 [INFO] gui.main_window: Progress 49% - Separating vegetation (1950/2093)...
2026-04-18 22:13:14,469 [INFO] gui.main_window: Progress 49% - Separating vegetation (1960/2093)...
2026-04-18 22:13:14,626 [INFO] gui.main_window: Progress 49% - Separating vegetation (1970/2093)...
2026-04-18 22:13:14,783 [INFO] gui.main_window: Progress 49% - Separating vegetation (1980/2093)...
2026-04-18 22:13:14,941 [INFO] gui.main_window: Progress 49% - Separating vegetation (1990/2093)...
2026-04-18 22:13:15,139 [INFO] gui.main_window: Progress 49% - Separating vegetation (2000/2093)...
2026-04-18 22:13:15,324 [INFO] gui.main_window: Progress 49% - Separating vegetation (2010/2093)...
2026-04-18 22:13:15,484 [INFO] gui.main_window: Progress 49% - Separating vegetation (2020/2093)...
2026-04-18 22:13:15,642 [INFO] gui.main_window: Progress 49% - Separating vegetation (2030/2093)...
2026-04-18 22:13:15,797 [INFO] gui.main_window: Progress 49% - Separating vegetation (2040/2093)...
2026-04-18 22:13:15,953 [INFO] gui.main_window: Progress 49% - Separating vegetation (2050/2093)...
2026-04-18 22:13:16,109 [INFO] gui.main_window: Progress 49% - Separating vegetation (2060/2093)...
2026-04-18 22:13:16,266 [INFO] gui.main_window: Progress 49% - Separating vegetation (2070/2093)...
2026-04-18 22:13:16,422 [INFO] gui.main_window: Progress 49% - Separating vegetation (2080/2093)...
2026-04-18 22:13:16,580 [INFO] gui.main_window: Progress 49% - Separating vegetation (2090/2093)...
2026-04-18 22:13:16,909 [INFO] core.masker: Memulai proses masking...
2026-04-18 22:13:16,910 [INFO] gui.main_window: Progress 50% - Masking raster...
2026-04-18 22:13:17,293 [INFO] core.extractor: Memulai proses ekstraksi...
2026-04-18 22:13:17,293 [INFO] gui.main_window: Progress 60% - Extracting pixel...
2026-04-18 22:13:22,466 [INFO] core.classifier: Memulai prediksi dengan PlotNutrientClassifier...
2026-04-18 22:13:22,467 [INFO] gui.main_window: Progress 70% - Detecting disease...
2026-04-18 22:13:24,632 [INFO] core.classifier: Model dimuat bertipe: <class 'keras.engine.functional.Functional'>
2026-04-18 22:13:24,910 [INFO] gui.main_window: Progress 75% - Generating prediction (1/4)...
2026-04-18 22:13:25,052 [INFO] gui.main_window: Progress 80% - Generating prediction (2/4)...
2026-04-18 22:13:25,196 [INFO] gui.main_window: Progress 85% - Generating prediction (3/4)...
2026-04-18 22:13:25,338 [INFO] gui.main_window: Progress 90% - Generating prediction (4/4)...
2026-04-18 22:13:25,964 [INFO] core.stats_calculator: Menghitung sebaran dan memunculkan hasil...
2026-04-18 22:13:25,966 [ERROR] fiona._env: C: No such file or directory
2026-04-18 22:13:25,966 [INFO] gui.main_window: Progress 90% - Calculating stats...
2026-04-18 22:13:25,966 [INFO] core.stats_calculator: Menghitung sebaran dan memunculkan hasil...
2026-04-18 22:13:25,967 [INFO] gui.main_window: Progress 90% - Calculating stats (0/114)...
2026-04-18 22:13:25,968 [ERROR] fiona._env: `:' does not exist in the file system, and is not recognized as a supported dataset name.
2026-04-18 22:13:25,968 [INFO] core.stats_calculator: Menghitung sebaran dan memunculkan hasil...
2026-04-18 22:13:25,969 [INFO] gui.main_window: Progress 91% - Calculating stats (1/114)...
2026-04-18 22:13:25,971 [ERROR] fiona._env: /: Permission denied
2026-04-18 22:13:25,972 [INFO] core.stats_calculator: Menghitung sebaran dan memunculkan hasil...
2026-04-18 22:13:25,972 [INFO] gui.main_window: Progress 92% - Calculating stats (2/114)...
2026-04-18 22:13:25,974 [ERROR] fiona._env: U: No such file or directory
2026-04-18 22:13:25,974 [INFO] core.stats_calculator: Menghitung sebaran dan memunculkan hasil...
2026-04-18 22:13:25,975 [INFO] gui.main_window: Progress 93% - Calculating stats (3/114)...
2026-04-18 22:13:25,976 [ERROR] fiona._env: s: No such file or directory
2026-04-18 22:13:25,976 [INFO] core.stats_calculator: Menghitung sebaran dan memunculkan hasil...
2026-04-18 22:13:25,977 [INFO] gui.main_window: Progress 94% - Calculating stats (4/114)...
2026-04-18 22:13:25,978 [ERROR] fiona._env: e: No such file or directory
2026-04-18 22:13:25,979 [INFO] core.stats_calculator: Menghitung sebaran dan memunculkan hasil...
2026-04-18 22:13:25,979 [INFO] gui.main_window: Progress 95% - Calculating stats (5/114)...
2026-04-18 22:13:25,980 [ERROR] fiona._env: r: No such file or directory
2026-04-18 22:13:25,981 [INFO] core.stats_calculator: Menghitung sebaran dan memunculkan hasil...
2026-04-18 22:13:25,981 [INFO] gui.main_window: Progress 96% - Calculating stats (6/114)...
2026-04-18 22:13:25,982 [ERROR] fiona._env: s: No such file or directory
2026-04-18 22:13:25,983 [INFO] core.stats_calculator: Menghitung sebaran dan memunculkan hasil...
2026-04-18 22:13:25,983 [INFO] gui.main_window: Progress 97% - Calculating stats (7/114)...
2026-04-18 22:13:25,985 [ERROR] fiona._env: /: Permission denied
2026-04-18 22:13:25,985 [INFO] core.stats_calculator: Menghitung sebaran dan memunculkan hasil...
2026-04-18 22:13:25,985 [INFO] gui.main_window: Progress 98% - Calculating stats (8/114)...
2026-04-18 22:13:25,986 [ERROR] fiona._env: a: No such file or directory
2026-04-18 22:13:25,987 [INFO] core.stats_calculator: Menghitung sebaran dan memunculkan hasil...
2026-04-18 22:13:25,987 [INFO] gui.main_window: Progress 99% - Calculating stats (9/114)...
2026-04-18 22:13:25,988 [ERROR] fiona._env: c: No such file or directory
2026-04-18 22:13:25,989 [INFO] core.stats_calculator: Menghitung sebaran dan memunculkan hasil...
2026-04-18 22:13:25,989 [INFO] gui.main_window: Progress 100% - Calculating stats (10/114)...
2026-04-18 22:13:25,992 [ERROR] fiona._env: e: No such file or directory
2026-04-18 22:13:25,992 [INFO] core.stats_calculator: Menghitung sebaran dan memunculkan hasil...
2026-04-18 22:13:25,994 [ERROR] fiona._env: r: No such file or directory
2026-04-18 22:13:25,994 [INFO] core.stats_calculator: Menghitung sebaran dan memunculkan hasil...
2026-04-18 22:13:25,995 [ERROR] fiona._env: _: No such file or directory
2026-04-18 22:13:25,995 [INFO] core.stats_calculator: Menghitung sebaran dan memunculkan hasil...
2026-04-18 22:13:25,999 [INFO] gui.main_window: Progress 101% - Calculating stats (11/114)...
2026-04-18 22:13:26,000 [ERROR] fiona._env: /: Permission denied
2026-04-18 22:13:26,000 [INFO] gui.main_window: Progress 102% - Calculating stats (12/114)...
2026-04-18 22:13:26,000 [INFO] core.stats_calculator: Menghitung sebaran dan memunculkan hasil...
2026-04-18 22:13:26,001 [INFO] gui.main_window: Progress 103% - Calculating stats (13/114)...
2026-04-18 22:13:26,003 [INFO] gui.main_window: Progress 104% - Calculating stats (14/114)...
2026-04-18 22:13:26,003 [ERROR] fiona._env: D: No such file or directory
2026-04-18 22:13:26,011 [INFO] core.stats_calculator: Menghitung sebaran dan memunculkan hasil...
2026-04-18 22:13:26,011 [INFO] gui.main_window: Progress 105% - Calculating stats (15/114)...
2026-04-18 22:13:26,012 [ERROR] fiona._env: o: No such file or directory
2026-04-18 22:13:26,013 [INFO] core.stats_calculator: Menghitung sebaran dan memunculkan hasil...
2026-04-18 22:13:26,013 [INFO] gui.main_window: Progress 106% - Calculating stats (16/114)...
2026-04-18 22:13:26,014 [ERROR] fiona._env: c: No such file or directory
2026-04-18 22:13:26,014 [INFO] core.stats_calculator: Menghitung sebaran dan memunculkan hasil...
2026-04-18 22:13:26,014 [INFO] gui.main_window: Progress 107% - Calculating stats (17/114)...
2026-04-18 22:13:26,015 [ERROR] fiona._env: u: No such file or directory
2026-04-18 22:13:26,016 [INFO] core.stats_calculator: Menghitung sebaran dan memunculkan hasil...
2026-04-18 22:13:26,016 [INFO] gui.main_window: Progress 108% - Calculating stats (18/114)...
2026-04-18 22:13:26,017 [ERROR] fiona._env: m: No such file or directory
2026-04-18 22:13:26,017 [INFO] core.stats_calculator: Menghitung sebaran dan memunculkan hasil...
2026-04-18 22:13:26,017 [INFO] gui.main_window: Progress 109% - Calculating stats (19/114)...
2026-04-18 22:13:26,019 [ERROR] fiona._env: e: No such file or directory
2026-04-18 22:13:26,019 [INFO] core.stats_calculator: Menghitung sebaran dan memunculkan hasil...
2026-04-18 22:13:26,019 [INFO] gui.main_window: Progress 110% - Calculating stats (20/114)...
2026-04-18 22:13:26,020 [ERROR] fiona._env: n: No such file or directory
2026-04-18 22:13:26,021 [INFO] core.stats_calculator: Menghitung sebaran dan memunculkan hasil...
2026-04-18 22:13:26,021 [INFO] gui.main_window: Progress 111% - Calculating stats (21/114)...
2026-04-18 22:13:26,022 [ERROR] fiona._env: t: No such file or directory
2026-04-18 22:13:26,022 [INFO] core.stats_calculator: Menghitung sebaran dan memunculkan hasil...
2026-04-18 22:13:26,022 [INFO] gui.main_window: Progress 112% - Calculating stats (22/114)...
2026-04-18 22:13:26,023 [ERROR] fiona._env: s: No such file or directory
2026-04-18 22:13:26,024 [INFO] core.stats_calculator: Menghitung sebaran dan memunculkan hasil...
2026-04-18 22:13:26,024 [INFO] gui.main_window: Progress 113% - Calculating stats (23/114)...
2026-04-18 22:13:26,026 [ERROR] fiona._env: /: Permission denied
2026-04-18 22:13:26,026 [INFO] core.stats_calculator: Menghitung sebaran dan memunculkan hasil...
2026-04-18 22:13:26,026 [INFO] gui.main_window: Progress 114% - Calculating stats (24/114)...
2026-04-18 22:13:26,027 [ERROR] fiona._env: O: No such file or directory
2026-04-18 22:13:26,027 [INFO] core.stats_calculator: Menghitung sebaran dan memunculkan hasil...
2026-04-18 22:13:26,027 [INFO] gui.main_window: Progress 115% - Calculating stats (25/114)...
2026-04-18 22:13:26,029 [ERROR] fiona._env: r: No such file or directory
2026-04-18 22:13:26,029 [INFO] core.stats_calculator: Menghitung sebaran dan memunculkan hasil...
2026-04-18 22:13:26,029 [INFO] gui.main_window: Progress 116% - Calculating stats (26/114)...
2026-04-18 22:13:26,031 [ERROR] fiona._env: t: No such file or directory
2026-04-18 22:13:26,032 [INFO] core.stats_calculator: Menghitung sebaran dan memunculkan hasil...
2026-04-18 22:13:26,032 [INFO] gui.main_window: Progress 117% - Calculating stats (27/114)...
2026-04-18 22:13:26,033 [ERROR] fiona._env: h: No such file or directory
2026-04-18 22:13:26,034 [INFO] core.stats_calculator: Menghitung sebaran dan memunculkan hasil...
2026-04-18 22:13:26,034 [INFO] gui.main_window: Progress 118% - Calculating stats (28/114)...
2026-04-18 22:13:26,035 [ERROR] fiona._env: o: No such file or directory
2026-04-18 22:13:26,035 [INFO] core.stats_calculator: Menghitung sebaran dan memunculkan hasil...
2026-04-18 22:13:26,036 [INFO] gui.main_window: Progress 119% - Calculating stats (29/114)...
2026-04-18 22:13:26,037 [ERROR] fiona._env: m: No such file or directory
2026-04-18 22:13:26,038 [INFO] core.stats_calculator: Menghitung sebaran dan memunculkan hasil...
2026-04-18 22:13:26,038 [INFO] gui.main_window: Progress 120% - Calculating stats (30/114)...
2026-04-18 22:13:26,039 [ERROR] fiona._env: o: No such file or directory
2026-04-18 22:13:26,039 [INFO] core.stats_calculator: Menghitung sebaran dan memunculkan hasil...
2026-04-18 22:13:26,039 [INFO] gui.main_window: Progress 121% - Calculating stats (31/114)...
2026-04-18 22:13:26,040 [ERROR] fiona._env: s: No such file or directory
2026-04-18 22:13:26,041 [INFO] core.stats_calculator: Menghitung sebaran dan memunculkan hasil...
2026-04-18 22:13:26,041 [INFO] gui.main_window: Progress 122% - Calculating stats (32/114)...
2026-04-18 22:13:26,042 [ERROR] fiona._env: a: No such file or directory
2026-04-18 22:13:26,042 [INFO] core.stats_calculator: Menghitung sebaran dan memunculkan hasil...
2026-04-18 22:13:26,042 [INFO] gui.main_window: Progress 123% - Calculating stats (33/114)...
2026-04-18 22:13:26,043 [ERROR] fiona._env: i: No such file or directory
2026-04-18 22:13:26,044 [INFO] core.stats_calculator: Menghitung sebaran dan memunculkan hasil...
2026-04-18 22:13:26,044 [INFO] gui.main_window: Progress 124% - Calculating stats (34/114)...
2026-04-18 22:13:26,046 [ERROR] fiona._env: c: No such file or directory
2026-04-18 22:13:26,046 [INFO] core.stats_calculator: Menghitung sebaran dan memunculkan hasil...
2026-04-18 22:13:26,046 [INFO] gui.main_window: Progress 125% - Calculating stats (35/114)...
2026-04-18 22:13:26,048 [ERROR] fiona._env: /: Permission denied
2026-04-18 22:13:26,048 [INFO] core.stats_calculator: Menghitung sebaran dan memunculkan hasil...
2026-04-18 22:13:26,048 [INFO] gui.main_window: Progress 126% - Calculating stats (36/114)...
2026-04-18 22:13:26,049 [ERROR] fiona._env: t: No such file or directory
2026-04-18 22:13:26,049 [INFO] core.stats_calculator: Menghitung sebaran dan memunculkan hasil...
2026-04-18 22:13:26,050 [INFO] gui.main_window: Progress 127% - Calculating stats (37/114)...
2026-04-18 22:13:26,051 [ERROR] fiona._env: e: No such file or directory
2026-04-18 22:13:26,051 [INFO] core.stats_calculator: Menghitung sebaran dan memunculkan hasil...
2026-04-18 22:13:26,051 [INFO] gui.main_window: Progress 128% - Calculating stats (38/114)...
2026-04-18 22:13:26,052 [ERROR] fiona._env: s: No such file or directory
2026-04-18 22:13:26,052 [INFO] core.stats_calculator: Menghitung sebaran dan memunculkan hasil...
2026-04-18 22:13:26,052 [INFO] gui.main_window: Progress 129% - Calculating stats (39/114)...
2026-04-18 22:13:26,053 [ERROR] fiona._env:  : No such file or directory
2026-04-18 22:13:26,054 [INFO] core.stats_calculator: Menghitung sebaran dan memunculkan hasil...
2026-04-18 22:13:26,054 [INFO] gui.main_window: Progress 130% - Calculating stats (40/114)...
2026-04-18 22:13:26,055 [ERROR] fiona._env: a: No such file or directory
2026-04-18 22:13:26,055 [INFO] core.stats_calculator: Menghitung sebaran dan memunculkan hasil...
2026-04-18 22:13:26,055 [INFO] gui.main_window: Progress 131% - Calculating stats (41/114)...
2026-04-18 22:13:26,057 [ERROR] fiona._env: p: No such file or directory
2026-04-18 22:13:26,057 [INFO] core.stats_calculator: Menghitung sebaran dan memunculkan hasil...
2026-04-18 22:13:26,057 [INFO] gui.main_window: Progress 132% - Calculating stats (42/114)...
2026-04-18 22:13:26,059 [ERROR] fiona._env: l: No such file or directory
2026-04-18 22:13:26,059 [INFO] core.stats_calculator: Menghitung sebaran dan memunculkan hasil...
2026-04-18 22:13:26,060 [INFO] gui.main_window: Progress 133% - Calculating stats (43/114)...
2026-04-18 22:13:26,061 [ERROR] fiona._env: i: No such file or directory
2026-04-18 22:13:26,061 [INFO] core.stats_calculator: Menghitung sebaran dan memunculkan hasil...
2026-04-18 22:13:26,061 [INFO] gui.main_window: Progress 134% - Calculating stats (44/114)...
2026-04-18 22:13:26,062 [ERROR] fiona._env: k: No such file or directory
2026-04-18 22:13:26,062 [INFO] core.stats_calculator: Menghitung sebaran dan memunculkan hasil...
2026-04-18 22:13:26,062 [INFO] gui.main_window: Progress 135% - Calculating stats (45/114)...
2026-04-18 22:13:26,063 [ERROR] fiona._env: a: No such file or directory
2026-04-18 22:13:26,064 [INFO] core.stats_calculator: Menghitung sebaran dan memunculkan hasil...
2026-04-18 22:13:26,064 [INFO] gui.main_window: Progress 136% - Calculating stats (46/114)...
2026-04-18 22:13:26,065 [ERROR] fiona._env: s: No such file or directory
2026-04-18 22:13:26,065 [INFO] core.stats_calculator: Menghitung sebaran dan memunculkan hasil...
2026-04-18 22:13:26,065 [INFO] gui.main_window: Progress 137% - Calculating stats (47/114)...
2026-04-18 22:13:26,066 [ERROR] fiona._env: i: No such file or directory
2026-04-18 22:13:26,066 [INFO] core.stats_calculator: Menghitung sebaran dan memunculkan hasil...
2026-04-18 22:13:26,066 [INFO] gui.main_window: Progress 138% - Calculating stats (48/114)...
2026-04-18 22:13:26,068 [ERROR] fiona._env: /: Permission denied
2026-04-18 22:13:26,068 [INFO] core.stats_calculator: Menghitung sebaran dan memunculkan hasil...
2026-04-18 22:13:26,068 [INFO] gui.main_window: Progress 139% - Calculating stats (49/114)...
2026-04-18 22:13:26,070 [ERROR] fiona._env: L: No such file or directory
2026-04-18 22:13:26,070 [INFO] core.stats_calculator: Menghitung sebaran dan memunculkan hasil...
2026-04-18 22:13:26,070 [INFO] gui.main_window: Progress 140% - Calculating stats (50/114)...
2026-04-18 22:13:26,072 [ERROR] fiona._env: a: No such file or directory
2026-04-18 22:13:26,072 [INFO] core.stats_calculator: Menghitung sebaran dan memunculkan hasil...
2026-04-18 22:13:26,072 [INFO] gui.main_window: Progress 141% - Calculating stats (51/114)...
2026-04-18 22:13:26,074 [ERROR] fiona._env: h: No such file or directory
2026-04-18 22:13:26,074 [INFO] core.stats_calculator: Menghitung sebaran dan memunculkan hasil...
2026-04-18 22:13:26,074 [INFO] gui.main_window: Progress 142% - Calculating stats (52/114)...
2026-04-18 22:13:26,075 [ERROR] fiona._env: a: No such file or directory
2026-04-18 22:13:26,075 [INFO] core.stats_calculator: Menghitung sebaran dan memunculkan hasil...
2026-04-18 22:13:26,076 [INFO] gui.main_window: Progress 143% - Calculating stats (53/114)...
2026-04-18 22:13:26,077 [ERROR] fiona._env: n: No such file or directory
2026-04-18 22:13:26,077 [INFO] core.stats_calculator: Menghitung sebaran dan memunculkan hasil...
2026-04-18 22:13:26,077 [INFO] gui.main_window: Progress 144% - Calculating stats (54/114)...
2026-04-18 22:13:26,078 [ERROR] fiona._env:  : No such file or directory
2026-04-18 22:13:26,079 [INFO] core.stats_calculator: Menghitung sebaran dan memunculkan hasil...
2026-04-18 22:13:26,079 [INFO] gui.main_window: Progress 145% - Calculating stats (55/114)...
2026-04-18 22:13:26,080 [ERROR] fiona._env: p: No such file or directory
2026-04-18 22:13:26,080 [INFO] core.stats_calculator: Menghitung sebaran dan memunculkan hasil...
2026-04-18 22:13:26,080 [INFO] gui.main_window: Progress 146% - Calculating stats (56/114)...
2026-04-18 22:13:26,081 [ERROR] fiona._env: e: No such file or directory
2026-04-18 22:13:26,082 [INFO] core.stats_calculator: Menghitung sebaran dan memunculkan hasil...
2026-04-18 22:13:26,082 [INFO] gui.main_window: Progress 147% - Calculating stats (57/114)...
2026-04-18 22:13:26,083 [ERROR] fiona._env: r: No such file or directory
2026-04-18 22:13:26,083 [INFO] core.stats_calculator: Menghitung sebaran dan memunculkan hasil...
2026-04-18 22:13:26,083 [INFO] gui.main_window: Progress 148% - Calculating stats (58/114)...
2026-04-18 22:13:26,085 [ERROR] fiona._env: c: No such file or directory
2026-04-18 22:13:26,085 [INFO] core.stats_calculator: Menghitung sebaran dan memunculkan hasil...
2026-04-18 22:13:26,085 [INFO] gui.main_window: Progress 149% - Calculating stats (59/114)...
2026-04-18 22:13:26,086 [ERROR] fiona._env: o: No such file or directory
2026-04-18 22:13:26,087 [INFO] core.stats_calculator: Menghitung sebaran dan memunculkan hasil...
2026-04-18 22:13:26,087 [INFO] gui.main_window: Progress 150% - Calculating stats (60/114)...
2026-04-18 22:13:26,088 [ERROR] fiona._env: b: No such file or directory
2026-04-18 22:13:26,088 [INFO] core.stats_calculator: Menghitung sebaran dan memunculkan hasil...
2026-04-18 22:13:26,088 [INFO] gui.main_window: Progress 151% - Calculating stats (61/114)...
2026-04-18 22:13:26,089 [ERROR] fiona._env: a: No such file or directory
2026-04-18 22:13:26,090 [INFO] core.stats_calculator: Menghitung sebaran dan memunculkan hasil...
2026-04-18 22:13:26,090 [INFO] gui.main_window: Progress 152% - Calculating stats (62/114)...
2026-04-18 22:13:26,091 [ERROR] fiona._env: a: No such file or directory
2026-04-18 22:13:26,091 [INFO] core.stats_calculator: Menghitung sebaran dan memunculkan hasil...
2026-04-18 22:13:26,091 [INFO] gui.main_window: Progress 153% - Calculating stats (63/114)...
2026-04-18 22:13:26,092 [ERROR] fiona._env: n: No such file or directory
2026-04-18 22:13:26,092 [INFO] core.stats_calculator: Menghitung sebaran dan memunculkan hasil...
2026-04-18 22:13:26,092 [INFO] gui.main_window: Progress 154% - Calculating stats (64/114)...
2026-04-18 22:13:26,094 [ERROR] fiona._env: /: Permission denied
2026-04-18 22:13:26,094 [INFO] core.stats_calculator: Menghitung sebaran dan memunculkan hasil...
2026-04-18 22:13:26,094 [INFO] gui.main_window: Progress 155% - Calculating stats (65/114)...
2026-04-18 22:13:26,095 [ERROR] fiona._env: H: No such file or directory
2026-04-18 22:13:26,095 [INFO] core.stats_calculator: Menghitung sebaran dan memunculkan hasil...
2026-04-18 22:13:26,095 [INFO] gui.main_window: Progress 156% - Calculating stats (66/114)...
2026-04-18 22:13:26,096 [ERROR] fiona._env: a: No such file or directory
2026-04-18 22:13:26,097 [INFO] core.stats_calculator: Menghitung sebaran dan memunculkan hasil...
2026-04-18 22:13:26,097 [INFO] gui.main_window: Progress 157% - Calculating stats (67/114)...
2026-04-18 22:13:26,099 [ERROR] fiona._env: s: No such file or directory
2026-04-18 22:13:26,099 [INFO] core.stats_calculator: Menghitung sebaran dan memunculkan hasil...
2026-04-18 22:13:26,099 [INFO] gui.main_window: Progress 158% - Calculating stats (68/114)...
2026-04-18 22:13:26,100 [ERROR] fiona._env: i: No such file or directory
2026-04-18 22:13:26,100 [INFO] core.stats_calculator: Menghitung sebaran dan memunculkan hasil...
2026-04-18 22:13:26,100 [INFO] gui.main_window: Progress 159% - Calculating stats (69/114)...
2026-04-18 22:13:26,102 [ERROR] fiona._env: l: No such file or directory
2026-04-18 22:13:26,102 [INFO] core.stats_calculator: Menghitung sebaran dan memunculkan hasil...
2026-04-18 22:13:26,102 [INFO] gui.main_window: Progress 160% - Calculating stats (70/114)...
2026-04-18 22:13:26,103 [ERROR] fiona._env: _: No such file or directory
2026-04-18 22:13:26,103 [INFO] core.stats_calculator: Menghitung sebaran dan memunculkan hasil...
2026-04-18 22:13:26,103 [INFO] gui.main_window: Progress 161% - Calculating stats (71/114)...
2026-04-18 22:13:26,104 [ERROR] fiona._env: P: No such file or directory
2026-04-18 22:13:26,104 [INFO] core.stats_calculator: Menghitung sebaran dan memunculkan hasil...
2026-04-18 22:13:26,105 [INFO] gui.main_window: Progress 162% - Calculating stats (72/114)...
2026-04-18 22:13:26,105 [ERROR] fiona._env: r: No such file or directory
2026-04-18 22:13:26,106 [INFO] core.stats_calculator: Menghitung sebaran dan memunculkan hasil...
2026-04-18 22:13:26,106 [INFO] gui.main_window: Progress 163% - Calculating stats (73/114)...
2026-04-18 22:13:26,107 [ERROR] fiona._env: e: No such file or directory
2026-04-18 22:13:26,107 [INFO] core.stats_calculator: Menghitung sebaran dan memunculkan hasil...
2026-04-18 22:13:26,107 [INFO] gui.main_window: Progress 164% - Calculating stats (74/114)...
2026-04-18 22:13:26,108 [ERROR] fiona._env: d: No such file or directory
2026-04-18 22:13:26,108 [INFO] core.stats_calculator: Menghitung sebaran dan memunculkan hasil...
2026-04-18 22:13:26,109 [INFO] gui.main_window: Progress 165% - Calculating stats (75/114)...
2026-04-18 22:13:26,110 [ERROR] fiona._env: i: No such file or directory
2026-04-18 22:13:26,110 [INFO] core.stats_calculator: Menghitung sebaran dan memunculkan hasil...
2026-04-18 22:13:26,110 [INFO] gui.main_window: Progress 166% - Calculating stats (76/114)...
2026-04-18 22:13:26,111 [ERROR] fiona._env: k: No such file or directory
2026-04-18 22:13:26,112 [INFO] core.stats_calculator: Menghitung sebaran dan memunculkan hasil...
2026-04-18 22:13:26,112 [INFO] gui.main_window: Progress 167% - Calculating stats (77/114)...
2026-04-18 22:13:26,113 [ERROR] fiona._env: s: No such file or directory
2026-04-18 22:13:26,113 [INFO] core.stats_calculator: Menghitung sebaran dan memunculkan hasil...
2026-04-18 22:13:26,113 [INFO] gui.main_window: Progress 168% - Calculating stats (78/114)...
2026-04-18 22:13:26,114 [ERROR] fiona._env: i: No such file or directory
2026-04-18 22:13:26,115 [INFO] core.stats_calculator: Menghitung sebaran dan memunculkan hasil...
2026-04-18 22:13:26,115 [INFO] gui.main_window: Progress 169% - Calculating stats (79/114)...
2026-04-18 22:13:26,116 [ERROR] fiona._env: /: Permission denied
2026-04-18 22:13:26,116 [INFO] core.stats_calculator: Menghitung sebaran dan memunculkan hasil...
2026-04-18 22:13:26,116 [INFO] gui.main_window: Progress 170% - Calculating stats (80/114)...
2026-04-18 22:13:26,118 [ERROR] fiona._env: S: No such file or directory
2026-04-18 22:13:26,118 [INFO] core.stats_calculator: Menghitung sebaran dan memunculkan hasil...
2026-04-18 22:13:26,118 [INFO] gui.main_window: Progress 171% - Calculating stats (81/114)...
2026-04-18 22:13:26,119 [ERROR] fiona._env: e: No such file or directory
2026-04-18 22:13:26,119 [INFO] core.stats_calculator: Menghitung sebaran dan memunculkan hasil...
2026-04-18 22:13:26,119 [INFO] gui.main_window: Progress 172% - Calculating stats (82/114)...
2026-04-18 22:13:26,120 [ERROR] fiona._env: b: No such file or directory
2026-04-18 22:13:26,121 [INFO] core.stats_calculator: Menghitung sebaran dan memunculkan hasil...
2026-04-18 22:13:26,121 [INFO] gui.main_window: Progress 173% - Calculating stats (83/114)...
2026-04-18 22:13:26,122 [ERROR] fiona._env: a: No such file or directory
2026-04-18 22:13:26,122 [INFO] core.stats_calculator: Menghitung sebaran dan memunculkan hasil...
2026-04-18 22:13:26,122 [INFO] gui.main_window: Progress 174% - Calculating stats (84/114)...
2026-04-18 22:13:26,123 [ERROR] fiona._env: r: No such file or directory
2026-04-18 22:13:26,123 [INFO] core.stats_calculator: Menghitung sebaran dan memunculkan hasil...
2026-04-18 22:13:26,124 [INFO] gui.main_window: Progress 175% - Calculating stats (85/114)...
2026-04-18 22:13:26,125 [ERROR] fiona._env: a: No such file or directory
2026-04-18 22:13:26,125 [INFO] core.stats_calculator: Menghitung sebaran dan memunculkan hasil...
2026-04-18 22:13:26,125 [INFO] gui.main_window: Progress 176% - Calculating stats (86/114)...
2026-04-18 22:13:26,126 [ERROR] fiona._env: n: No such file or directory
2026-04-18 22:13:26,127 [INFO] core.stats_calculator: Menghitung sebaran dan memunculkan hasil...
2026-04-18 22:13:26,127 [INFO] gui.main_window: Progress 177% - Calculating stats (87/114)...
2026-04-18 22:13:26,128 [ERROR] fiona._env: _: No such file or directory
2026-04-18 22:13:26,128 [INFO] core.stats_calculator: Menghitung sebaran dan memunculkan hasil...
2026-04-18 22:13:26,128 [INFO] gui.main_window: Progress 178% - Calculating stats (88/114)...
2026-04-18 22:13:26,129 [ERROR] fiona._env: P: No such file or directory
2026-04-18 22:13:26,129 [INFO] core.stats_calculator: Menghitung sebaran dan memunculkan hasil...
2026-04-18 22:13:26,129 [INFO] gui.main_window: Progress 179% - Calculating stats (89/114)...
2026-04-18 22:13:26,130 [ERROR] fiona._env: e: No such file or directory
2026-04-18 22:13:26,131 [INFO] core.stats_calculator: Menghitung sebaran dan memunculkan hasil...
2026-04-18 22:13:26,131 [INFO] gui.main_window: Progress 180% - Calculating stats (90/114)...
2026-04-18 22:13:26,132 [ERROR] fiona._env: t: No such file or directory
2026-04-18 22:13:26,132 [INFO] core.stats_calculator: Menghitung sebaran dan memunculkan hasil...
2026-04-18 22:13:26,132 [INFO] gui.main_window: Progress 181% - Calculating stats (91/114)...
2026-04-18 22:13:26,133 [ERROR] fiona._env: a: No such file or directory
2026-04-18 22:13:26,133 [INFO] core.stats_calculator: Menghitung sebaran dan memunculkan hasil...
2026-04-18 22:13:26,133 [INFO] gui.main_window: Progress 182% - Calculating stats (92/114)...
2026-04-18 22:13:26,134 [ERROR] fiona._env: k: No such file or directory
2026-04-18 22:13:26,135 [INFO] core.stats_calculator: Menghitung sebaran dan memunculkan hasil...
2026-04-18 22:13:26,135 [INFO] gui.main_window: Progress 183% - Calculating stats (93/114)...
2026-04-18 22:13:26,136 [ERROR] fiona._env: `\' not recognized as a supported file format.
2026-04-18 22:13:26,136 [INFO] core.stats_calculator: Menghitung sebaran dan memunculkan hasil...
2026-04-18 22:13:26,136 [INFO] gui.main_window: Progress 184% - Calculating stats (94/114)...
2026-04-18 22:13:26,138 [ERROR] fiona._env: H: No such file or directory
2026-04-18 22:13:26,138 [INFO] core.stats_calculator: Menghitung sebaran dan memunculkan hasil...
2026-04-18 22:13:26,138 [INFO] gui.main_window: Progress 185% - Calculating stats (95/114)...
2026-04-18 22:13:26,140 [ERROR] fiona._env: a: No such file or directory
2026-04-18 22:13:26,140 [INFO] core.stats_calculator: Menghitung sebaran dan memunculkan hasil...
2026-04-18 22:13:26,140 [INFO] gui.main_window: Progress 186% - Calculating stats (96/114)...
2026-04-18 22:13:26,141 [ERROR] fiona._env: s: No such file or directory
2026-04-18 22:13:26,141 [INFO] core.stats_calculator: Menghitung sebaran dan memunculkan hasil...
2026-04-18 22:13:26,141 [INFO] gui.main_window: Progress 187% - Calculating stats (97/114)...
2026-04-18 22:13:26,142 [ERROR] fiona._env: i: No such file or directory
2026-04-18 22:13:26,143 [INFO] core.stats_calculator: Menghitung sebaran dan memunculkan hasil...
2026-04-18 22:13:26,143 [INFO] gui.main_window: Progress 188% - Calculating stats (98/114)...
2026-04-18 22:13:26,144 [ERROR] fiona._env: l: No such file or directory
2026-04-18 22:13:26,144 [INFO] core.stats_calculator: Menghitung sebaran dan memunculkan hasil...
2026-04-18 22:13:26,144 [INFO] gui.main_window: Progress 189% - Calculating stats (99/114)...
2026-04-18 22:13:26,145 [ERROR] fiona._env: _: No such file or directory
2026-04-18 22:13:26,145 [INFO] core.stats_calculator: Menghitung sebaran dan memunculkan hasil...
2026-04-18 22:13:26,145 [INFO] gui.main_window: Progress 190% - Calculating stats (100/114)...
2026-04-18 22:13:26,146 [ERROR] fiona._env: P: No such file or directory
2026-04-18 22:13:26,147 [INFO] core.stats_calculator: Menghitung sebaran dan memunculkan hasil...
2026-04-18 22:13:26,147 [INFO] gui.main_window: Progress 191% - Calculating stats (101/114)...
2026-04-18 22:13:26,148 [ERROR] fiona._env: r: No such file or directory
2026-04-18 22:13:26,148 [INFO] core.stats_calculator: Menghitung sebaran dan memunculkan hasil...
2026-04-18 22:13:26,148 [INFO] gui.main_window: Progress 192% - Calculating stats (102/114)...
2026-04-18 22:13:26,149 [ERROR] fiona._env: e: No such file or directory
2026-04-18 22:13:26,149 [INFO] core.stats_calculator: Menghitung sebaran dan memunculkan hasil...
2026-04-18 22:13:26,149 [INFO] gui.main_window: Progress 193% - Calculating stats (103/114)...
2026-04-18 22:13:26,151 [ERROR] fiona._env: d: No such file or directory
2026-04-18 22:13:26,151 [INFO] core.stats_calculator: Menghitung sebaran dan memunculkan hasil...
2026-04-18 22:13:26,151 [INFO] gui.main_window: Progress 194% - Calculating stats (104/114)...
2026-04-18 22:13:26,153 [ERROR] fiona._env: i: No such file or directory
2026-04-18 22:13:26,153 [INFO] core.stats_calculator: Menghitung sebaran dan memunculkan hasil...
2026-04-18 22:13:26,153 [INFO] gui.main_window: Progress 195% - Calculating stats (105/114)...
2026-04-18 22:13:26,154 [ERROR] fiona._env: k: No such file or directory
2026-04-18 22:13:26,154 [INFO] core.stats_calculator: Menghitung sebaran dan memunculkan hasil...
2026-04-18 22:13:26,154 [INFO] gui.main_window: Progress 196% - Calculating stats (106/114)...
2026-04-18 22:13:26,155 [ERROR] fiona._env: s: No such file or directory
2026-04-18 22:13:26,156 [INFO] core.stats_calculator: Menghitung sebaran dan memunculkan hasil...
2026-04-18 22:13:26,156 [INFO] gui.main_window: Progress 197% - Calculating stats (107/114)...
2026-04-18 22:13:26,157 [ERROR] fiona._env: i: No such file or directory
2026-04-18 22:13:26,157 [INFO] core.stats_calculator: Menghitung sebaran dan memunculkan hasil...
2026-04-18 22:13:26,157 [INFO] gui.main_window: Progress 198% - Calculating stats (108/114)...
2026-04-18 22:13:26,160 [ERROR] fiona._env: .: Permission denied
2026-04-18 22:13:26,160 [INFO] core.stats_calculator: Menghitung sebaran dan memunculkan hasil...
2026-04-18 22:13:26,160 [INFO] gui.main_window: Progress 199% - Calculating stats (109/114)...
2026-04-18 22:13:26,161 [ERROR] fiona._env: g: No such file or directory
2026-04-18 22:13:26,161 [INFO] core.stats_calculator: Menghitung sebaran dan memunculkan hasil...
2026-04-18 22:13:26,161 [INFO] gui.main_window: Progress 200% - Calculating stats (110/114)...
2026-04-18 22:13:26,162 [ERROR] fiona._env: p: No such file or directory
2026-04-18 22:13:26,163 [INFO] core.stats_calculator: Menghitung sebaran dan memunculkan hasil...
2026-04-18 22:13:26,163 [INFO] gui.main_window: Progress 201% - Calculating stats (111/114)...
2026-04-18 22:13:26,164 [ERROR] fiona._env: k: No such file or directory
2026-04-18 22:13:26,164 [INFO] core.stats_calculator: Menghitung sebaran dan memunculkan hasil...
2026-04-18 22:13:26,165 [INFO] gui.main_window: Progress 202% - Calculating stats (112/114)...
2026-04-18 22:13:26,166 [ERROR] fiona._env: g: No such file or directory
2026-04-18 22:13:26,166 [INFO] app.nutrient_controller: Stats: None
2026-04-18 22:13:26,166 [INFO] gui.main_window: Progress 203% - Calculating stats (113/114)...
2026-04-18 22:13:26,166 [INFO] app.nutrient_controller: Semua proses selesai!
2026-04-18 22:13:26,180 [INFO] gui.main_window: Progress 100% - Done
2026-04-18 22:13:28,378 [INFO] gui.viewer: Membuka GPKG: blas
2026-04-18 22:13:28,627 [INFO] gui.layer_panel: Sinyal terdeteksi, perbarui z-order
2026-04-18 22:13:28,627 [INFO] gui.layer_panel: Layer IDs di panel: [1, 2, 3]
2026-04-18 22:13:28,627 [INFO] gui.viewer: Mengatur z-order: [1, 2, 3]
2026-04-18 22:13:28,628 [INFO] gui.viewer: Membuka GPKG: blb
2026-04-18 22:13:29,046 [INFO] gui.layer_panel: Sinyal terdeteksi, perbarui z-order
2026-04-18 22:13:29,047 [INFO] gui.layer_panel: Layer IDs di panel: [1, 2, 3, 4]
2026-04-18 22:13:29,047 [INFO] gui.viewer: Mengatur z-order: [1, 2, 3, 4]
2026-04-18 22:13:29,047 [INFO] gui.viewer: Membuka GPKG: bs
2026-04-18 22:13:29,648 [INFO] gui.layer_panel: Sinyal terdeteksi, perbarui z-order
2026-04-18 22:13:29,649 [INFO] gui.layer_panel: Layer IDs di panel: [1, 2, 3, 4, 5]
2026-04-18 22:13:29,649 [INFO] gui.viewer: Mengatur z-order: [1, 2, 3, 4, 5]
2026-04-18 22:13:29,649 [INFO] gui.viewer: Membuka GPKG: nbs
2026-04-18 22:13:30,454 [INFO] gui.layer_panel: Sinyal terdeteksi, perbarui z-order
2026-04-18 22:13:30,455 [INFO] gui.layer_panel: Layer IDs di panel: [1, 2, 3, 4, 5, 6]
2026-04-18 22:13:30,455 [INFO] gui.viewer: Mengatur z-order: [1, 2, 3, 4, 5, 6]
2026-04-18 22:13:30,456 [INFO] gui.viewer: Membuka GPKG: app_layer_metadata
2026-04-18 22:13:30,464 [INFO] gui.layer_panel: Sinyal terdeteksi, perbarui z-order
2026-04-18 22:13:30,465 [INFO] gui.layer_panel: Layer IDs di panel: [1, 2, 3, 4, 5, 6, 7]
2026-04-18 22:13:30,465 [INFO] gui.viewer: Mengatur z-order: [1, 2, 3, 4, 5, 6, 7]
2026-04-18 22:13:38,034 [INFO] gui.main_window: Legenda diperbarui!
2026-04-18 22:13:38,036 [INFO] gui.layer_panel: Layer 7 diklik
2026-04-18 22:13:38,266 [INFO] gui.layer_panel: Membuka menu layer
2026-04-18 22:13:38,819 [INFO] gui.layer_panel: Menghapus layer
2026-04-18 22:13:38,819 [INFO] gui.layer_panel: Sinyal terdeteksi, perbarui z-order
2026-04-18 22:13:38,819 [INFO] gui.layer_panel: Layer IDs di panel: [1, 2, 3, 4, 5, 6]
2026-04-18 22:13:38,819 [INFO] gui.viewer: Mengatur z-order: [1, 2, 3, 4, 5, 6]
2026-04-18 22:13:39,234 [INFO] gui.layer_panel: Membuka menu layer
2026-04-18 22:13:39,700 [INFO] gui.layer_panel: Menghapus layer
2026-04-18 22:13:39,701 [INFO] gui.layer_panel: Sinyal terdeteksi, perbarui z-order
2026-04-18 22:13:39,702 [INFO] gui.layer_panel: Layer IDs di panel: [1, 2, 3, 4, 5]
2026-04-18 22:13:39,702 [INFO] gui.viewer: Mengatur z-order: [1, 2, 3, 4, 5]
2026-04-18 22:13:40,018 [INFO] gui.layer_panel: Membuka menu layer
2026-04-18 22:13:40,411 [INFO] gui.layer_panel: Menghapus layer
2026-04-18 22:13:40,413 [INFO] gui.layer_panel: Sinyal terdeteksi, perbarui z-order
2026-04-18 22:13:40,413 [INFO] gui.layer_panel: Layer IDs di panel: [1, 2, 3, 4]
2026-04-18 22:13:40,413 [INFO] gui.viewer: Mengatur z-order: [1, 2, 3, 4]
2026-04-18 22:13:40,794 [INFO] gui.layer_panel: Membuka menu layer
2026-04-18 22:13:41,251 [INFO] gui.layer_panel: Menghapus layer
2026-04-18 22:13:41,253 [INFO] gui.layer_panel: Sinyal terdeteksi, perbarui z-order
2026-04-18 22:13:41,253 [INFO] gui.layer_panel: Layer IDs di panel: [1, 2, 3]
2026-04-18 22:13:41,253 [INFO] gui.viewer: Mengatur z-order: [1, 2, 3]
2026-04-18 22:13:41,601 [INFO] gui.main_window: Legenda diperbarui!
2026-04-18 22:13:41,611 [INFO] gui.layer_panel: Layer 3 diklik
2026-04-18 22:13:42,210 [INFO] gui.layer_panel: Membuka menu layer
2026-04-18 22:13:42,628 [INFO] gui.layer_panel: Menghapus layer
2026-04-18 22:13:42,629 [INFO] gui.layer_panel: Sinyal terdeteksi, perbarui z-order
2026-04-18 22:13:42,630 [INFO] gui.layer_panel: Layer IDs di panel: [1, 2]
2026-04-18 22:13:42,630 [INFO] gui.viewer: Mengatur z-order: [1, 2]
2026-04-18 22:13:42,978 [INFO] gui.layer_panel: Membuka menu layer
2026-04-18 22:13:43,444 [INFO] gui.layer_panel: Menghapus layer
2026-04-18 22:13:43,444 [INFO] gui.layer_panel: Sinyal terdeteksi, perbarui z-order
2026-04-18 22:13:43,444 [INFO] gui.layer_panel: Layer IDs di panel: [1]
2026-04-18 22:13:43,444 [INFO] gui.viewer: Mengatur z-order: [1]
2026-04-18 22:13:43,834 [INFO] gui.layer_panel: Membuka menu layer
2026-04-18 22:13:44,307 [INFO] gui.layer_panel: Menghapus layer
2026-04-18 22:13:44,310 [INFO] gui.layer_panel: Sinyal terdeteksi, perbarui z-order
2026-04-18 22:13:44,310 [INFO] gui.layer_panel: Layer IDs di panel: []
2026-04-18 22:13:44,310 [INFO] gui.viewer: Mengatur z-order: []
2026-04-18 22:13:47,148 [INFO] gui.main_window: action_disease_predict ditekan
2026-04-18 22:13:47,986 [INFO] gui.input_dialog: btn_browse_tif ditekan
2026-04-18 22:13:50,954 [INFO] gui.input_dialog: btn_browse_shp ditekan
2026-04-18 22:13:58,794 [INFO] gui.input_dialog: btn_browse_out ditekan
2026-04-18 22:14:11,155 [INFO] gui.viewer: Membuka raster
2026-04-18 22:14:11,802 [INFO] gui.layer_panel: Sinyal terdeteksi, perbarui z-order
2026-04-18 22:14:11,802 [INFO] gui.layer_panel: Layer IDs di panel: [8]
2026-04-18 22:14:11,804 [INFO] gui.viewer: Mengatur z-order: [8]
2026-04-18 22:14:11,804 [INFO] gui.layer_panel: Berhasil menambah 'hasil_potong.tif' dengan ID: 8
2026-04-18 22:14:11,804 [INFO] gui.viewer: Membuka shapefile
2026-04-18 22:14:11,809 [INFO] gui.layer_panel: Sinyal terdeteksi, perbarui z-order
2026-04-18 22:14:11,809 [INFO] gui.layer_panel: Layer IDs di panel: [8, 9]
2026-04-18 22:14:11,809 [INFO] gui.viewer: Mengatur z-order: [8, 9]
2026-04-18 22:14:11,809 [INFO] gui.layer_panel: Berhasil menambah 'Lahan 2_0.shp' dengan ID: 9
2026-04-18 22:14:11,815 [INFO] core.splitter: Memulai pembuatan multipoligon...
2026-04-18 22:14:11,841 [INFO] gui.main_window: Progress 10% - Generating multi polygon...
2026-04-18 22:14:11,843 [INFO] gui.main_window: Progress 11% - Loading polygon crs...
2026-04-18 22:14:11,843 [INFO] gui.main_window: Progress 12% - Generating random points...
2026-04-18 22:14:11,929 [INFO] gui.main_window: Progress 13% - Clustering points...
2026-04-18 22:14:16,188 [INFO] gui.main_window: Progress 14% - Generating aggregates...
2026-04-18 22:14:16,248 [INFO] gui.main_window: Progress 15% - Calculating centroids...
2026-04-18 22:14:16,256 [INFO] gui.main_window: Progress 16% - Generating voronoi polygons...
2026-04-18 22:14:16,413 [INFO] gui.main_window: Progress 19% - Performing intersection...
2026-04-18 22:14:16,589 [INFO] core.clipper: Memulai clipping...
2026-04-18 22:14:16,589 [INFO] gui.main_window: Progress 20% - Loading raster file...
2026-04-18 22:14:17,247 [INFO] core.transformer: Memulai proses transformasi...
2026-04-18 22:14:17,247 [INFO] gui.main_window: Progress 30% - Transforming with NDVI...
2026-04-18 22:14:17,633 [INFO] core.segmenter: Memulai proses segmentasi...
2026-04-18 22:14:17,633 [INFO] gui.main_window: Progress 40% - Separating vegetation...
2026-04-18 22:14:17,831 [INFO] gui.main_window: Progress 40% - Separating vegetation (10/2093)...
2026-04-18 22:14:18,002 [INFO] gui.main_window: Progress 40% - Separating vegetation (20/2093)...
2026-04-18 22:14:18,179 [INFO] gui.main_window: Progress 40% - Separating vegetation (30/2093)...
2026-04-18 22:14:18,356 [INFO] gui.main_window: Progress 40% - Separating vegetation (40/2093)...
2026-04-18 22:14:18,658 [INFO] gui.main_window: Progress 40% - Separating vegetation (50/2093)...
2026-04-18 22:14:18,833 [INFO] gui.main_window: Progress 40% - Separating vegetation (60/2093)...
2026-04-18 22:14:19,006 [INFO] gui.main_window: Progress 40% - Separating vegetation (70/2093)...
2026-04-18 22:14:19,181 [INFO] gui.main_window: Progress 40% - Separating vegetation (80/2093)...
2026-04-18 22:14:19,353 [INFO] gui.main_window: Progress 40% - Separating vegetation (90/2093)...
2026-04-18 22:14:19,554 [INFO] gui.main_window: Progress 40% - Separating vegetation (100/2093)...
2026-04-18 22:14:19,730 [INFO] gui.main_window: Progress 40% - Separating vegetation (110/2093)...
2026-04-18 22:14:19,902 [INFO] gui.main_window: Progress 40% - Separating vegetation (120/2093)...
2026-04-18 22:14:20,074 [INFO] gui.main_window: Progress 40% - Separating vegetation (130/2093)...
2026-04-18 22:14:20,247 [INFO] gui.main_window: Progress 40% - Separating vegetation (140/2093)...
2026-04-18 22:14:20,419 [INFO] gui.main_window: Progress 40% - Separating vegetation (150/2093)...
2026-04-18 22:14:20,615 [INFO] gui.main_window: Progress 40% - Separating vegetation (160/2093)...
2026-04-18 22:14:20,788 [INFO] gui.main_window: Progress 40% - Separating vegetation (170/2093)...
2026-04-18 22:14:20,985 [INFO] gui.main_window: Progress 40% - Separating vegetation (180/2093)...
2026-04-18 22:14:21,163 [INFO] gui.main_window: Progress 40% - Separating vegetation (190/2093)...
2026-04-18 22:14:21,345 [INFO] gui.main_window: Progress 40% - Separating vegetation (200/2093)...
2026-04-18 22:14:21,541 [INFO] gui.main_window: Progress 41% - Separating vegetation (210/2093)...
2026-04-18 22:14:21,724 [INFO] gui.main_window: Progress 41% - Separating vegetation (220/2093)...
2026-04-18 22:14:21,899 [INFO] gui.main_window: Progress 41% - Separating vegetation (230/2093)...
2026-04-18 22:14:22,073 [INFO] gui.main_window: Progress 41% - Separating vegetation (240/2093)...
2026-04-18 22:14:22,245 [INFO] gui.main_window: Progress 41% - Separating vegetation (250/2093)...
2026-04-18 22:14:22,440 [INFO] gui.main_window: Progress 41% - Separating vegetation (260/2093)...
2026-04-18 22:14:22,645 [INFO] gui.main_window: Progress 41% - Separating vegetation (270/2093)...
2026-04-18 22:14:22,818 [INFO] gui.main_window: Progress 41% - Separating vegetation (280/2093)...
2026-04-18 22:14:22,992 [INFO] gui.main_window: Progress 41% - Separating vegetation (290/2093)...
2026-04-18 22:14:23,185 [INFO] gui.main_window: Progress 41% - Separating vegetation (300/2093)...
2026-04-18 22:14:23,392 [INFO] gui.main_window: Progress 41% - Separating vegetation (310/2093)...
2026-04-18 22:14:23,596 [INFO] gui.main_window: Progress 41% - Separating vegetation (320/2093)...
2026-04-18 22:14:23,812 [INFO] gui.main_window: Progress 41% - Separating vegetation (330/2093)...
2026-04-18 22:14:24,018 [INFO] gui.main_window: Progress 41% - Separating vegetation (340/2093)...
2026-04-18 22:14:24,221 [INFO] gui.main_window: Progress 41% - Separating vegetation (350/2093)...
2026-04-18 22:14:24,437 [INFO] gui.main_window: Progress 41% - Separating vegetation (360/2093)...
2026-04-18 22:14:24,643 [INFO] gui.main_window: Progress 41% - Separating vegetation (370/2093)...
2026-04-18 22:14:24,879 [INFO] gui.main_window: Progress 41% - Separating vegetation (380/2093)...
2026-04-18 22:14:25,104 [INFO] gui.main_window: Progress 41% - Separating vegetation (390/2093)...
2026-04-18 22:14:25,364 [INFO] gui.main_window: Progress 41% - Separating vegetation (400/2093)...
2026-04-18 22:14:25,601 [INFO] gui.main_window: Progress 41% - Separating vegetation (410/2093)...
2026-04-18 22:14:25,849 [INFO] gui.main_window: Progress 42% - Separating vegetation (420/2093)...
2026-04-18 22:14:26,087 [INFO] gui.main_window: Progress 42% - Separating vegetation (430/2093)...
2026-04-18 22:14:26,305 [INFO] gui.main_window: Progress 42% - Separating vegetation (440/2093)...
2026-04-18 22:14:26,523 [INFO] gui.main_window: Progress 42% - Separating vegetation (450/2093)...
2026-04-18 22:14:26,761 [INFO] gui.main_window: Progress 42% - Separating vegetation (460/2093)...
2026-04-18 22:14:26,978 [INFO] gui.main_window: Progress 42% - Separating vegetation (470/2093)...
2026-04-18 22:14:27,204 [INFO] gui.main_window: Progress 42% - Separating vegetation (480/2093)...
2026-04-18 22:14:27,410 [INFO] gui.main_window: Progress 42% - Separating vegetation (490/2093)...
2026-04-18 22:14:27,683 [INFO] gui.main_window: Progress 42% - Separating vegetation (500/2093)...
2026-04-18 22:14:27,891 [INFO] gui.main_window: Progress 42% - Separating vegetation (510/2093)...
2026-04-18 22:14:28,112 [INFO] gui.main_window: Progress 42% - Separating vegetation (520/2093)...
2026-04-18 22:14:28,349 [INFO] gui.main_window: Progress 42% - Separating vegetation (530/2093)...
2026-04-18 22:14:28,554 [INFO] gui.main_window: Progress 42% - Separating vegetation (540/2093)...
2026-04-18 22:14:28,792 [INFO] gui.main_window: Progress 42% - Separating vegetation (550/2093)...
2026-04-18 22:14:29,028 [INFO] gui.main_window: Progress 42% - Separating vegetation (560/2093)...
2026-04-18 22:14:29,265 [INFO] gui.main_window: Progress 42% - Separating vegetation (570/2093)...
2026-04-18 22:14:29,522 [INFO] gui.main_window: Progress 42% - Separating vegetation (580/2093)...
2026-04-18 22:14:29,767 [INFO] gui.main_window: Progress 42% - Separating vegetation (590/2093)...
2026-04-18 22:14:29,964 [INFO] gui.main_window: Progress 42% - Separating vegetation (600/2093)...
2026-04-18 22:14:30,200 [INFO] gui.main_window: Progress 42% - Separating vegetation (610/2093)...
2026-04-18 22:14:30,424 [INFO] gui.main_window: Progress 42% - Separating vegetation (620/2093)...
2026-04-18 22:14:30,670 [INFO] gui.main_window: Progress 43% - Separating vegetation (630/2093)...
2026-04-18 22:14:30,898 [INFO] gui.main_window: Progress 43% - Separating vegetation (640/2093)...
2026-04-18 22:14:31,137 [INFO] gui.main_window: Progress 43% - Separating vegetation (650/2093)...
2026-04-18 22:14:31,375 [INFO] gui.main_window: Progress 43% - Separating vegetation (660/2093)...
2026-04-18 22:14:31,631 [INFO] gui.main_window: Progress 43% - Separating vegetation (670/2093)...
2026-04-18 22:14:31,839 [INFO] gui.main_window: Progress 43% - Separating vegetation (680/2093)...
2026-04-18 22:14:32,104 [INFO] gui.main_window: Progress 43% - Separating vegetation (690/2093)...
2026-04-18 22:14:32,342 [INFO] gui.main_window: Progress 43% - Separating vegetation (700/2093)...
2026-04-18 22:14:32,561 [INFO] gui.main_window: Progress 43% - Separating vegetation (710/2093)...
2026-04-18 22:14:32,789 [INFO] gui.main_window: Progress 43% - Separating vegetation (720/2093)...
2026-04-18 22:14:33,101 [INFO] gui.main_window: Progress 43% - Separating vegetation (730/2093)...
2026-04-18 22:14:33,340 [INFO] gui.main_window: Progress 43% - Separating vegetation (740/2093)...
2026-04-18 22:14:33,567 [INFO] gui.main_window: Progress 43% - Separating vegetation (750/2093)...
2026-04-18 22:14:33,782 [INFO] gui.main_window: Progress 43% - Separating vegetation (760/2093)...
2026-04-18 22:14:33,989 [INFO] gui.main_window: Progress 43% - Separating vegetation (770/2093)...
2026-04-18 22:14:34,210 [INFO] gui.main_window: Progress 43% - Separating vegetation (780/2093)...
2026-04-18 22:14:34,437 [INFO] gui.main_window: Progress 43% - Separating vegetation (790/2093)...
2026-04-18 22:14:34,656 [INFO] gui.main_window: Progress 43% - Separating vegetation (800/2093)...
2026-04-18 22:14:34,902 [INFO] gui.main_window: Progress 43% - Separating vegetation (810/2093)...
2026-04-18 22:14:35,152 [INFO] gui.main_window: Progress 43% - Separating vegetation (820/2093)...
2026-04-18 22:14:35,389 [INFO] gui.main_window: Progress 43% - Separating vegetation (830/2093)...
2026-04-18 22:14:35,663 [INFO] gui.main_window: Progress 44% - Separating vegetation (840/2093)...
2026-04-18 22:14:35,881 [INFO] gui.main_window: Progress 44% - Separating vegetation (850/2093)...
2026-04-18 22:14:36,117 [INFO] gui.main_window: Progress 44% - Separating vegetation (860/2093)...
2026-04-18 22:14:36,324 [INFO] gui.main_window: Progress 44% - Separating vegetation (870/2093)...
2026-04-18 22:14:36,562 [INFO] gui.main_window: Progress 44% - Separating vegetation (880/2093)...
2026-04-18 22:14:36,798 [INFO] gui.main_window: Progress 44% - Separating vegetation (890/2093)...
2026-04-18 22:14:37,035 [INFO] gui.main_window: Progress 44% - Separating vegetation (900/2093)...
2026-04-18 22:14:37,252 [INFO] gui.main_window: Progress 44% - Separating vegetation (910/2093)...
2026-04-18 22:14:37,479 [INFO] gui.main_window: Progress 44% - Separating vegetation (920/2093)...
2026-04-18 22:14:37,716 [INFO] gui.main_window: Progress 44% - Separating vegetation (930/2093)...
2026-04-18 22:14:37,931 [INFO] gui.main_window: Progress 44% - Separating vegetation (940/2093)...
2026-04-18 22:14:38,171 [INFO] gui.main_window: Progress 44% - Separating vegetation (950/2093)...
2026-04-18 22:14:38,423 [INFO] gui.main_window: Progress 44% - Separating vegetation (960/2093)...
2026-04-18 22:14:38,702 [INFO] gui.main_window: Progress 44% - Separating vegetation (970/2093)...
2026-04-18 22:14:38,941 [INFO] gui.main_window: Progress 44% - Separating vegetation (980/2093)...
2026-04-18 22:14:39,211 [INFO] gui.main_window: Progress 44% - Separating vegetation (990/2093)...
2026-04-18 22:14:39,457 [INFO] gui.main_window: Progress 44% - Separating vegetation (1000/2093)...
2026-04-18 22:14:39,687 [INFO] gui.main_window: Progress 44% - Separating vegetation (1010/2093)...
2026-04-18 22:14:39,896 [INFO] gui.main_window: Progress 44% - Separating vegetation (1020/2093)...
2026-04-18 22:14:40,124 [INFO] gui.main_window: Progress 44% - Separating vegetation (1030/2093)...
2026-04-18 22:14:40,363 [INFO] gui.main_window: Progress 44% - Separating vegetation (1040/2093)...
2026-04-18 22:14:40,614 [INFO] gui.main_window: Progress 45% - Separating vegetation (1050/2093)...
2026-04-18 22:14:40,867 [INFO] gui.main_window: Progress 45% - Separating vegetation (1060/2093)...
2026-04-18 22:14:41,121 [INFO] gui.main_window: Progress 45% - Separating vegetation (1070/2093)...
2026-04-18 22:14:41,372 [INFO] gui.main_window: Progress 45% - Separating vegetation (1080/2093)...
2026-04-18 22:14:41,623 [INFO] gui.main_window: Progress 45% - Separating vegetation (1090/2093)...
2026-04-18 22:14:41,859 [INFO] gui.main_window: Progress 45% - Separating vegetation (1100/2093)...
2026-04-18 22:14:42,096 [INFO] gui.main_window: Progress 45% - Separating vegetation (1110/2093)...
2026-04-18 22:14:42,404 [INFO] gui.main_window: Progress 45% - Separating vegetation (1120/2093)...
2026-04-18 22:14:42,662 [INFO] gui.main_window: Progress 45% - Separating vegetation (1130/2093)...
2026-04-18 22:14:42,883 [INFO] gui.main_window: Progress 45% - Separating vegetation (1140/2093)...
2026-04-18 22:14:43,144 [INFO] gui.main_window: Progress 45% - Separating vegetation (1150/2093)...
2026-04-18 22:14:43,353 [INFO] gui.main_window: Progress 45% - Separating vegetation (1160/2093)...
2026-04-18 22:14:43,560 [INFO] gui.main_window: Progress 45% - Separating vegetation (1170/2093)...
2026-04-18 22:14:43,788 [INFO] gui.main_window: Progress 45% - Separating vegetation (1180/2093)...
2026-04-18 22:14:44,016 [INFO] gui.main_window: Progress 45% - Separating vegetation (1190/2093)...
2026-04-18 22:14:44,244 [INFO] gui.main_window: Progress 45% - Separating vegetation (1200/2093)...
2026-04-18 22:14:44,475 [INFO] gui.main_window: Progress 45% - Separating vegetation (1210/2093)...
2026-04-18 22:14:44,683 [INFO] gui.main_window: Progress 45% - Separating vegetation (1220/2093)...
2026-04-18 22:14:44,911 [INFO] gui.main_window: Progress 45% - Separating vegetation (1230/2093)...
2026-04-18 22:14:45,129 [INFO] gui.main_window: Progress 45% - Separating vegetation (1240/2093)...
2026-04-18 22:14:45,366 [INFO] gui.main_window: Progress 45% - Separating vegetation (1250/2093)...
2026-04-18 22:14:45,603 [INFO] gui.main_window: Progress 46% - Separating vegetation (1260/2093)...
2026-04-18 22:14:45,861 [INFO] gui.main_window: Progress 46% - Separating vegetation (1270/2093)...
2026-04-18 22:14:46,105 [INFO] gui.main_window: Progress 46% - Separating vegetation (1280/2093)...
2026-04-18 22:14:46,332 [INFO] gui.main_window: Progress 46% - Separating vegetation (1290/2093)...
2026-04-18 22:14:46,571 [INFO] gui.main_window: Progress 46% - Separating vegetation (1300/2093)...
2026-04-18 22:14:46,806 [INFO] gui.main_window: Progress 46% - Separating vegetation (1310/2093)...
2026-04-18 22:14:47,024 [INFO] gui.main_window: Progress 46% - Separating vegetation (1320/2093)...
2026-04-18 22:14:47,315 [INFO] gui.main_window: Progress 46% - Separating vegetation (1330/2093)...
2026-04-18 22:14:47,582 [INFO] gui.main_window: Progress 46% - Separating vegetation (1340/2093)...
2026-04-18 22:14:47,799 [INFO] gui.main_window: Progress 46% - Separating vegetation (1350/2093)...
2026-04-18 22:14:48,026 [INFO] gui.main_window: Progress 46% - Separating vegetation (1360/2093)...
2026-04-18 22:14:48,254 [INFO] gui.main_window: Progress 46% - Separating vegetation (1370/2093)...
2026-04-18 22:14:48,488 [INFO] gui.main_window: Progress 46% - Separating vegetation (1380/2093)...
2026-04-18 22:14:48,717 [INFO] gui.main_window: Progress 46% - Separating vegetation (1390/2093)...
2026-04-18 22:14:48,959 [INFO] gui.main_window: Progress 46% - Separating vegetation (1400/2093)...
2026-04-18 22:14:49,211 [INFO] gui.main_window: Progress 46% - Separating vegetation (1410/2093)...
2026-04-18 22:14:49,439 [INFO] gui.main_window: Progress 46% - Separating vegetation (1420/2093)...
2026-04-18 22:14:49,654 [INFO] gui.main_window: Progress 46% - Separating vegetation (1430/2093)...
2026-04-18 22:14:49,881 [INFO] gui.main_window: Progress 46% - Separating vegetation (1440/2093)...
2026-04-18 22:14:50,127 [INFO] gui.main_window: Progress 46% - Separating vegetation (1450/2093)...
2026-04-18 22:14:50,374 [INFO] gui.main_window: Progress 46% - Separating vegetation (1460/2093)...
2026-04-18 22:14:50,590 [INFO] gui.main_window: Progress 47% - Separating vegetation (1470/2093)...
2026-04-18 22:14:50,796 [INFO] gui.main_window: Progress 47% - Separating vegetation (1480/2093)...
2026-04-18 22:14:51,054 [INFO] gui.main_window: Progress 47% - Separating vegetation (1490/2093)...
2026-04-18 22:14:51,270 [INFO] gui.main_window: Progress 47% - Separating vegetation (1500/2093)...
2026-04-18 22:14:51,478 [INFO] gui.main_window: Progress 47% - Separating vegetation (1510/2093)...
2026-04-18 22:14:51,693 [INFO] gui.main_window: Progress 47% - Separating vegetation (1520/2093)...
2026-04-18 22:14:51,912 [INFO] gui.main_window: Progress 47% - Separating vegetation (1530/2093)...
2026-04-18 22:14:52,129 [INFO] gui.main_window: Progress 47% - Separating vegetation (1540/2093)...
2026-04-18 22:14:52,344 [INFO] gui.main_window: Progress 47% - Separating vegetation (1550/2093)...
2026-04-18 22:14:52,581 [INFO] gui.main_window: Progress 47% - Separating vegetation (1560/2093)...
2026-04-18 22:14:52,789 [INFO] gui.main_window: Progress 47% - Separating vegetation (1570/2093)...
2026-04-18 22:14:53,013 [INFO] gui.main_window: Progress 47% - Separating vegetation (1580/2093)...
2026-04-18 22:14:53,249 [INFO] gui.main_window: Progress 47% - Separating vegetation (1590/2093)...
2026-04-18 22:14:53,506 [INFO] gui.main_window: Progress 47% - Separating vegetation (1600/2093)...
2026-04-18 22:14:53,763 [INFO] gui.main_window: Progress 47% - Separating vegetation (1610/2093)...
2026-04-18 22:14:53,977 [INFO] gui.main_window: Progress 47% - Separating vegetation (1620/2093)...
2026-04-18 22:14:54,191 [INFO] gui.main_window: Progress 47% - Separating vegetation (1630/2093)...
2026-04-18 22:14:54,417 [INFO] gui.main_window: Progress 47% - Separating vegetation (1640/2093)...
2026-04-18 22:14:54,636 [INFO] gui.main_window: Progress 47% - Separating vegetation (1650/2093)...
2026-04-18 22:14:54,852 [INFO] gui.main_window: Progress 47% - Separating vegetation (1660/2093)...
2026-04-18 22:14:55,087 [INFO] gui.main_window: Progress 47% - Separating vegetation (1670/2093)...
2026-04-18 22:14:55,292 [INFO] gui.main_window: Progress 48% - Separating vegetation (1680/2093)...
2026-04-18 22:14:55,519 [INFO] gui.main_window: Progress 48% - Separating vegetation (1690/2093)...
2026-04-18 22:14:55,756 [INFO] gui.main_window: Progress 48% - Separating vegetation (1700/2093)...
2026-04-18 22:14:55,972 [INFO] gui.main_window: Progress 48% - Separating vegetation (1710/2093)...
2026-04-18 22:14:56,188 [INFO] gui.main_window: Progress 48% - Separating vegetation (1720/2093)...
2026-04-18 22:14:56,412 [INFO] gui.main_window: Progress 48% - Separating vegetation (1730/2093)...
2026-04-18 22:14:56,628 [INFO] gui.main_window: Progress 48% - Separating vegetation (1740/2093)...
2026-04-18 22:14:56,813 [INFO] gui.main_window: Progress 48% - Separating vegetation (1750/2093)...
2026-04-18 22:14:57,014 [INFO] gui.main_window: Progress 48% - Separating vegetation (1760/2093)...
2026-04-18 22:14:57,229 [INFO] gui.main_window: Progress 48% - Separating vegetation (1770/2093)...
2026-04-18 22:14:57,404 [INFO] gui.main_window: Progress 48% - Separating vegetation (1780/2093)...
2026-04-18 22:14:57,684 [INFO] gui.main_window: Progress 48% - Separating vegetation (1790/2093)...
2026-04-18 22:14:57,878 [INFO] gui.main_window: Progress 48% - Separating vegetation (1800/2093)...
2026-04-18 22:14:58,073 [INFO] gui.main_window: Progress 48% - Separating vegetation (1810/2093)...
2026-04-18 22:14:58,313 [INFO] gui.main_window: Progress 48% - Separating vegetation (1820/2093)...
2026-04-18 22:14:58,520 [INFO] gui.main_window: Progress 48% - Separating vegetation (1830/2093)...
2026-04-18 22:14:58,776 [INFO] gui.main_window: Progress 48% - Separating vegetation (1840/2093)...
2026-04-18 22:14:58,971 [INFO] gui.main_window: Progress 48% - Separating vegetation (1850/2093)...
2026-04-18 22:14:59,177 [INFO] gui.main_window: Progress 48% - Separating vegetation (1860/2093)...
2026-04-18 22:14:59,374 [INFO] gui.main_window: Progress 48% - Separating vegetation (1870/2093)...
2026-04-18 22:14:59,562 [INFO] gui.main_window: Progress 48% - Separating vegetation (1880/2093)...
2026-04-18 22:14:59,763 [INFO] gui.main_window: Progress 49% - Separating vegetation (1890/2093)...
2026-04-18 22:14:59,964 [INFO] gui.main_window: Progress 49% - Separating vegetation (1900/2093)...
2026-04-18 22:15:00,148 [INFO] gui.main_window: Progress 49% - Separating vegetation (1910/2093)...
2026-04-18 22:15:00,322 [INFO] gui.main_window: Progress 49% - Separating vegetation (1920/2093)...
2026-04-18 22:15:00,495 [INFO] gui.main_window: Progress 49% - Separating vegetation (1930/2093)...
2026-04-18 22:15:00,671 [INFO] gui.main_window: Progress 49% - Separating vegetation (1940/2093)...
2026-04-18 22:15:00,845 [INFO] gui.main_window: Progress 49% - Separating vegetation (1950/2093)...
2026-04-18 22:15:01,020 [INFO] gui.main_window: Progress 49% - Separating vegetation (1960/2093)...
2026-04-18 22:15:01,192 [INFO] gui.main_window: Progress 49% - Separating vegetation (1970/2093)...
2026-04-18 22:15:01,366 [INFO] gui.main_window: Progress 49% - Separating vegetation (1980/2093)...
2026-04-18 22:15:01,537 [INFO] gui.main_window: Progress 49% - Separating vegetation (1990/2093)...
2026-04-18 22:15:01,708 [INFO] gui.main_window: Progress 49% - Separating vegetation (2000/2093)...
2026-04-18 22:15:01,878 [INFO] gui.main_window: Progress 49% - Separating vegetation (2010/2093)...
2026-04-18 22:15:02,051 [INFO] gui.main_window: Progress 49% - Separating vegetation (2020/2093)...
2026-04-18 22:15:02,252 [INFO] gui.main_window: Progress 49% - Separating vegetation (2030/2093)...
2026-04-18 22:15:02,422 [INFO] gui.main_window: Progress 49% - Separating vegetation (2040/2093)...
2026-04-18 22:15:02,595 [INFO] gui.main_window: Progress 49% - Separating vegetation (2050/2093)...
2026-04-18 22:15:02,765 [INFO] gui.main_window: Progress 49% - Separating vegetation (2060/2093)...
2026-04-18 22:15:02,935 [INFO] gui.main_window: Progress 49% - Separating vegetation (2070/2093)...
2026-04-18 22:15:03,106 [INFO] gui.main_window: Progress 49% - Separating vegetation (2080/2093)...
2026-04-18 22:15:03,277 [INFO] gui.main_window: Progress 49% - Separating vegetation (2090/2093)...
2026-04-18 22:15:03,609 [INFO] core.masker: Memulai proses masking...
2026-04-18 22:15:03,609 [INFO] gui.main_window: Progress 50% - Masking raster...
2026-04-18 22:15:03,990 [INFO] core.extractor: Memulai proses ekstraksi...
2026-04-18 22:15:03,991 [INFO] gui.main_window: Progress 60% - Extracting pixel...
2026-04-18 22:15:08,903 [INFO] core.classifier: Memulai prediksi dengan PlantDiseaseClassifier...
2026-04-18 22:15:08,904 [INFO] gui.main_window: Progress 70% - Detecting disease...
2026-04-18 22:15:08,978 [INFO] core.classifier: Model dimuat bertipe: <class 'keras.engine.functional.Functional'>
2026-04-18 22:15:09,420 [INFO] gui.main_window: Progress 70% - Generating prediction (10/2093)...
2026-04-18 22:15:09,849 [INFO] gui.main_window: Progress 70% - Generating prediction (20/2093)...
2026-04-18 22:15:10,447 [INFO] gui.main_window: Progress 70% - Generating prediction (30/2093)...
2026-04-18 22:15:11,124 [INFO] gui.main_window: Progress 70% - Generating prediction (40/2093)...
2026-04-18 22:15:11,778 [INFO] gui.main_window: Progress 70% - Generating prediction (50/2093)...
2026-04-18 22:15:12,573 [INFO] gui.main_window: Progress 70% - Generating prediction (60/2093)...
2026-04-18 22:15:13,427 [INFO] gui.main_window: Progress 70% - Generating prediction (70/2093)...
2026-04-18 22:15:14,267 [INFO] gui.main_window: Progress 70% - Generating prediction (80/2093)...
2026-04-18 22:15:15,115 [INFO] gui.main_window: Progress 70% - Generating prediction (90/2093)...
2026-04-18 22:15:16,038 [INFO] gui.main_window: Progress 70% - Generating prediction (100/2093)...
2026-04-18 22:15:16,950 [INFO] gui.main_window: Progress 71% - Generating prediction (110/2093)...
2026-04-18 22:15:17,909 [INFO] gui.main_window: Progress 71% - Generating prediction (120/2093)...
2026-04-18 22:15:18,922 [INFO] gui.main_window: Progress 71% - Generating prediction (130/2093)...
2026-04-18 22:15:19,938 [INFO] gui.main_window: Progress 71% - Generating prediction (140/2093)...
2026-04-18 22:15:21,031 [INFO] gui.main_window: Progress 71% - Generating prediction (150/2093)...
2026-04-18 22:15:22,101 [INFO] gui.main_window: Progress 71% - Generating prediction (160/2093)...
2026-04-18 22:15:23,184 [INFO] gui.main_window: Progress 71% - Generating prediction (170/2093)...
2026-04-18 22:15:24,305 [INFO] gui.main_window: Progress 71% - Generating prediction (180/2093)...
2026-04-18 22:15:25,456 [INFO] gui.main_window: Progress 71% - Generating prediction (190/2093)...
2026-04-18 22:15:26,631 [INFO] gui.main_window: Progress 71% - Generating prediction (200/2093)...
2026-04-18 22:15:27,862 [INFO] gui.main_window: Progress 72% - Generating prediction (210/2093)...
2026-04-18 22:15:29,079 [INFO] gui.main_window: Progress 72% - Generating prediction (220/2093)...
2026-04-18 22:15:30,336 [INFO] gui.main_window: Progress 72% - Generating prediction (230/2093)...
2026-04-18 22:15:31,684 [INFO] gui.main_window: Progress 72% - Generating prediction (240/2093)...
2026-04-18 22:15:33,125 [INFO] gui.main_window: Progress 72% - Generating prediction (250/2093)...
2026-04-18 22:15:34,490 [INFO] gui.main_window: Progress 72% - Generating prediction (260/2093)...
2026-04-18 22:15:35,868 [INFO] gui.main_window: Progress 72% - Generating prediction (270/2093)...
2026-04-18 22:15:37,334 [INFO] gui.main_window: Progress 72% - Generating prediction (280/2093)...
2026-04-18 22:15:38,817 [INFO] gui.main_window: Progress 72% - Generating prediction (290/2093)...
2026-04-18 22:15:40,499 [INFO] gui.main_window: Progress 72% - Generating prediction (300/2093)...
2026-04-18 22:15:42,065 [INFO] gui.main_window: Progress 72% - Generating prediction (310/2093)...
2026-04-18 22:15:43,537 [INFO] gui.main_window: Progress 73% - Generating prediction (320/2093)...
2026-04-18 22:15:45,084 [INFO] gui.main_window: Progress 73% - Generating prediction (330/2093)...
2026-04-18 22:15:46,641 [INFO] gui.main_window: Progress 73% - Generating prediction (340/2093)...
2026-04-18 22:15:48,200 [INFO] gui.main_window: Progress 73% - Generating prediction (350/2093)...
2026-04-18 22:15:49,759 [INFO] gui.main_window: Progress 73% - Generating prediction (360/2093)...
2026-04-18 22:15:51,323 [INFO] gui.main_window: Progress 73% - Generating prediction (370/2093)...
2026-04-18 22:15:52,983 [INFO] gui.main_window: Progress 73% - Generating prediction (380/2093)...
2026-04-18 22:15:54,695 [INFO] gui.main_window: Progress 73% - Generating prediction (390/2093)...
2026-04-18 22:15:56,366 [INFO] gui.main_window: Progress 73% - Generating prediction (400/2093)...
2026-04-18 22:15:58,091 [INFO] gui.main_window: Progress 73% - Generating prediction (410/2093)...
2026-04-18 22:15:59,883 [INFO] gui.main_window: Progress 74% - Generating prediction (420/2093)...
2026-04-18 22:16:01,634 [INFO] gui.main_window: Progress 74% - Generating prediction (430/2093)...
2026-04-18 22:16:03,308 [INFO] gui.main_window: Progress 74% - Generating prediction (440/2093)...
2026-04-18 22:16:04,964 [INFO] gui.main_window: Progress 74% - Generating prediction (450/2093)...
2026-04-18 22:16:06,619 [INFO] gui.main_window: Progress 74% - Generating prediction (460/2093)...
2026-04-18 22:16:08,219 [INFO] gui.main_window: Progress 74% - Generating prediction (470/2093)...
2026-04-18 22:16:10,084 [INFO] gui.main_window: Progress 74% - Generating prediction (480/2093)...
2026-04-18 22:16:11,798 [INFO] gui.main_window: Progress 74% - Generating prediction (490/2093)...
2026-04-18 22:16:13,507 [INFO] gui.main_window: Progress 74% - Generating prediction (500/2093)...
2026-04-18 22:16:15,232 [INFO] gui.main_window: Progress 74% - Generating prediction (510/2093)...
2026-04-18 22:16:16,985 [INFO] gui.main_window: Progress 74% - Generating prediction (520/2093)...
2026-04-18 22:16:18,723 [INFO] gui.main_window: Progress 75% - Generating prediction (530/2093)...
2026-04-18 22:16:20,506 [INFO] gui.main_window: Progress 75% - Generating prediction (540/2093)...
2026-04-18 22:16:22,190 [INFO] gui.main_window: Progress 75% - Generating prediction (550/2093)...
2026-04-18 22:16:23,917 [INFO] gui.main_window: Progress 75% - Generating prediction (560/2093)...
2026-04-18 22:16:25,629 [INFO] gui.main_window: Progress 75% - Generating prediction (570/2093)...
2026-04-18 22:16:27,353 [INFO] gui.main_window: Progress 75% - Generating prediction (580/2093)...
2026-04-18 22:16:29,125 [INFO] gui.main_window: Progress 75% - Generating prediction (590/2093)...
2026-04-18 22:16:30,836 [INFO] gui.main_window: Progress 75% - Generating prediction (600/2093)...
2026-04-18 22:16:32,552 [INFO] gui.main_window: Progress 75% - Generating prediction (610/2093)...
2026-04-18 22:16:34,325 [INFO] gui.main_window: Progress 75% - Generating prediction (620/2093)...
2026-04-18 22:16:36,039 [INFO] gui.main_window: Progress 76% - Generating prediction (630/2093)...
2026-04-18 22:16:37,725 [INFO] gui.main_window: Progress 76% - Generating prediction (640/2093)...
2026-04-18 22:16:39,472 [INFO] gui.main_window: Progress 76% - Generating prediction (650/2093)...
2026-04-18 22:16:41,262 [INFO] gui.main_window: Progress 76% - Generating prediction (660/2093)...
2026-04-18 22:16:43,074 [INFO] gui.main_window: Progress 76% - Generating prediction (670/2093)...
2026-04-18 22:16:44,872 [INFO] gui.main_window: Progress 76% - Generating prediction (680/2093)...
2026-04-18 22:16:46,556 [INFO] gui.main_window: Progress 76% - Generating prediction (690/2093)...
2026-04-18 22:16:48,329 [INFO] gui.main_window: Progress 76% - Generating prediction (700/2093)...
2026-04-18 22:16:50,123 [INFO] gui.main_window: Progress 76% - Generating prediction (710/2093)...
2026-04-18 22:16:51,814 [INFO] gui.main_window: Progress 76% - Generating prediction (720/2093)...
2026-04-18 22:16:53,513 [INFO] gui.main_window: Progress 76% - Generating prediction (730/2093)...
2026-04-18 22:16:55,198 [INFO] gui.main_window: Progress 77% - Generating prediction (740/2093)...
2026-04-18 22:16:56,886 [INFO] gui.main_window: Progress 77% - Generating prediction (750/2093)...
2026-04-18 22:16:58,623 [INFO] gui.main_window: Progress 77% - Generating prediction (760/2093)...
2026-04-18 22:17:00,293 [INFO] gui.main_window: Progress 77% - Generating prediction (770/2093)...
2026-04-18 22:17:02,087 [INFO] gui.main_window: Progress 77% - Generating prediction (780/2093)...
2026-04-18 22:17:03,788 [INFO] gui.main_window: Progress 77% - Generating prediction (790/2093)...
2026-04-18 22:17:05,472 [INFO] gui.main_window: Progress 77% - Generating prediction (800/2093)...
2026-04-18 22:17:07,228 [INFO] gui.main_window: Progress 77% - Generating prediction (810/2093)...
2026-04-18 22:17:08,901 [INFO] gui.main_window: Progress 77% - Generating prediction (820/2093)...
2026-04-18 22:17:10,630 [INFO] gui.main_window: Progress 77% - Generating prediction (830/2093)...
2026-04-18 22:17:12,428 [INFO] gui.main_window: Progress 78% - Generating prediction (840/2093)...
2026-04-18 22:17:14,152 [INFO] gui.main_window: Progress 78% - Generating prediction (850/2093)...
2026-04-18 22:17:15,863 [INFO] gui.main_window: Progress 78% - Generating prediction (860/2093)...
2026-04-18 22:17:17,609 [INFO] gui.main_window: Progress 78% - Generating prediction (870/2093)...
2026-04-18 22:17:19,425 [INFO] gui.main_window: Progress 78% - Generating prediction (880/2093)...
2026-04-18 22:17:21,160 [INFO] gui.main_window: Progress 78% - Generating prediction (890/2093)...
2026-04-18 22:17:22,874 [INFO] gui.main_window: Progress 78% - Generating prediction (900/2093)...
2026-04-18 22:17:24,622 [INFO] gui.main_window: Progress 78% - Generating prediction (910/2093)...
2026-04-18 22:17:26,284 [INFO] gui.main_window: Progress 78% - Generating prediction (920/2093)...
2026-04-18 22:17:27,968 [INFO] gui.main_window: Progress 78% - Generating prediction (930/2093)...
2026-04-18 22:17:29,746 [INFO] gui.main_window: Progress 78% - Generating prediction (940/2093)...
2026-04-18 22:17:31,539 [INFO] gui.main_window: Progress 79% - Generating prediction (950/2093)...
2026-04-18 22:17:33,345 [INFO] gui.main_window: Progress 79% - Generating prediction (960/2093)...
2026-04-18 22:17:35,199 [INFO] gui.main_window: Progress 79% - Generating prediction (970/2093)...
2026-04-18 22:17:37,155 [INFO] gui.main_window: Progress 79% - Generating prediction (980/2093)...
2026-04-18 22:17:38,934 [INFO] gui.main_window: Progress 79% - Generating prediction (990/2093)...
2026-04-18 22:17:40,887 [INFO] gui.main_window: Progress 79% - Generating prediction (1000/2093)...
2026-04-18 22:17:42,721 [INFO] gui.main_window: Progress 79% - Generating prediction (1010/2093)...
2026-04-18 22:17:44,430 [INFO] gui.main_window: Progress 79% - Generating prediction (1020/2093)...
2026-04-18 22:17:46,151 [INFO] gui.main_window: Progress 79% - Generating prediction (1030/2093)...
2026-04-18 22:17:47,937 [INFO] gui.main_window: Progress 79% - Generating prediction (1040/2093)...
2026-04-18 22:17:49,683 [INFO] gui.main_window: Progress 80% - Generating prediction (1050/2093)...
2026-04-18 22:17:51,428 [INFO] gui.main_window: Progress 80% - Generating prediction (1060/2093)...
2026-04-18 22:17:53,219 [INFO] gui.main_window: Progress 80% - Generating prediction (1070/2093)...
2026-04-18 22:17:54,901 [INFO] gui.main_window: Progress 80% - Generating prediction (1080/2093)...
2026-04-18 22:17:56,594 [INFO] gui.main_window: Progress 80% - Generating prediction (1090/2093)...
2026-04-18 22:17:58,401 [INFO] gui.main_window: Progress 80% - Generating prediction (1100/2093)...
2026-04-18 22:18:00,258 [INFO] gui.main_window: Progress 80% - Generating prediction (1110/2093)...
2026-04-18 22:18:02,150 [INFO] gui.main_window: Progress 80% - Generating prediction (1120/2093)...
2026-04-18 22:18:03,952 [INFO] gui.main_window: Progress 80% - Generating prediction (1130/2093)...
2026-04-18 22:18:05,661 [INFO] gui.main_window: Progress 80% - Generating prediction (1140/2093)...
2026-04-18 22:18:07,338 [INFO] gui.main_window: Progress 80% - Generating prediction (1150/2093)...
2026-04-18 22:18:09,119 [INFO] gui.main_window: Progress 81% - Generating prediction (1160/2093)...
2026-04-18 22:18:10,859 [INFO] gui.main_window: Progress 81% - Generating prediction (1170/2093)...
2026-04-18 22:18:12,563 [INFO] gui.main_window: Progress 81% - Generating prediction (1180/2093)...
2026-04-18 22:18:14,316 [INFO] gui.main_window: Progress 81% - Generating prediction (1190/2093)...
2026-04-18 22:18:16,622 [INFO] gui.main_window: Progress 81% - Generating prediction (1200/2093)...
2026-04-18 22:18:18,813 [INFO] gui.main_window: Progress 81% - Generating prediction (1210/2093)...
2026-04-18 22:18:21,142 [INFO] gui.main_window: Progress 81% - Generating prediction (1220/2093)...
2026-04-18 22:18:23,374 [INFO] gui.main_window: Progress 81% - Generating prediction (1230/2093)...
2026-04-18 22:18:25,499 [INFO] gui.main_window: Progress 81% - Generating prediction (1240/2093)...
2026-04-18 22:18:27,424 [INFO] gui.main_window: Progress 81% - Generating prediction (1250/2093)...
2026-04-18 22:18:29,555 [INFO] gui.main_window: Progress 82% - Generating prediction (1260/2093)...
2026-04-18 22:18:31,671 [INFO] gui.main_window: Progress 82% - Generating prediction (1270/2093)...
2026-04-18 22:18:33,647 [INFO] gui.main_window: Progress 82% - Generating prediction (1280/2093)...
2026-04-18 22:18:35,799 [INFO] gui.main_window: Progress 82% - Generating prediction (1290/2093)...
2026-04-18 22:18:38,108 [INFO] gui.main_window: Progress 82% - Generating prediction (1300/2093)...
2026-04-18 22:18:40,268 [INFO] gui.main_window: Progress 82% - Generating prediction (1310/2093)...
2026-04-18 22:18:42,332 [INFO] gui.main_window: Progress 82% - Generating prediction (1320/2093)...
2026-04-18 22:18:44,465 [INFO] gui.main_window: Progress 82% - Generating prediction (1330/2093)...
2026-04-18 22:18:46,577 [INFO] gui.main_window: Progress 82% - Generating prediction (1340/2093)...
2026-04-18 22:18:48,749 [INFO] gui.main_window: Progress 82% - Generating prediction (1350/2093)...
2026-04-18 22:18:50,958 [INFO] gui.main_window: Progress 82% - Generating prediction (1360/2093)...
2026-04-18 22:18:53,213 [INFO] gui.main_window: Progress 83% - Generating prediction (1370/2093)...
2026-04-18 22:18:55,432 [INFO] gui.main_window: Progress 83% - Generating prediction (1380/2093)...
2026-04-18 22:18:57,818 [INFO] gui.main_window: Progress 83% - Generating prediction (1390/2093)...
2026-04-18 22:19:00,166 [INFO] gui.main_window: Progress 83% - Generating prediction (1400/2093)...
2026-04-18 22:19:02,457 [INFO] gui.main_window: Progress 83% - Generating prediction (1410/2093)...
2026-04-18 22:19:04,695 [INFO] gui.main_window: Progress 83% - Generating prediction (1420/2093)...
2026-04-18 22:19:06,983 [INFO] gui.main_window: Progress 83% - Generating prediction (1430/2093)...
2026-04-18 22:19:09,285 [INFO] gui.main_window: Progress 83% - Generating prediction (1440/2093)...
2026-04-18 22:19:11,647 [INFO] gui.main_window: Progress 83% - Generating prediction (1450/2093)...
2026-04-18 22:19:14,216 [INFO] gui.main_window: Progress 83% - Generating prediction (1460/2093)...
2026-04-18 22:19:16,616 [INFO] gui.main_window: Progress 84% - Generating prediction (1470/2093)...
2026-04-18 22:19:18,998 [INFO] gui.main_window: Progress 84% - Generating prediction (1480/2093)...
2026-04-18 22:19:21,516 [INFO] gui.main_window: Progress 84% - Generating prediction (1490/2093)...
2026-04-18 22:19:23,956 [INFO] gui.main_window: Progress 84% - Generating prediction (1500/2093)...
2026-04-18 22:19:26,377 [INFO] gui.main_window: Progress 84% - Generating prediction (1510/2093)...
2026-04-18 22:19:28,798 [INFO] gui.main_window: Progress 84% - Generating prediction (1520/2093)...
2026-04-18 22:19:31,204 [INFO] gui.main_window: Progress 84% - Generating prediction (1530/2093)...
2026-04-18 22:19:33,530 [INFO] gui.main_window: Progress 84% - Generating prediction (1540/2093)...
2026-04-18 22:19:35,958 [INFO] gui.main_window: Progress 84% - Generating prediction (1550/2093)...
2026-04-18 22:19:38,470 [INFO] gui.main_window: Progress 84% - Generating prediction (1560/2093)...
2026-04-18 22:19:40,906 [INFO] gui.main_window: Progress 85% - Generating prediction (1570/2093)...
2026-04-18 22:19:43,368 [INFO] gui.main_window: Progress 85% - Generating prediction (1580/2093)...
2026-04-18 22:19:45,852 [INFO] gui.main_window: Progress 85% - Generating prediction (1590/2093)...
2026-04-18 22:19:48,335 [INFO] gui.main_window: Progress 85% - Generating prediction (1600/2093)...
2026-04-18 22:19:50,748 [INFO] gui.main_window: Progress 85% - Generating prediction (1610/2093)...
2026-04-18 22:19:53,176 [INFO] gui.main_window: Progress 85% - Generating prediction (1620/2093)...
2026-04-18 22:19:55,670 [INFO] gui.main_window: Progress 85% - Generating prediction (1630/2093)...
2026-04-18 22:19:57,988 [INFO] gui.main_window: Progress 85% - Generating prediction (1640/2093)...
2026-04-18 22:20:00,458 [INFO] gui.main_window: Progress 85% - Generating prediction (1650/2093)...
2026-04-18 22:20:03,030 [INFO] gui.main_window: Progress 85% - Generating prediction (1660/2093)...
2026-04-18 22:20:05,485 [INFO] gui.main_window: Progress 85% - Generating prediction (1670/2093)...
2026-04-18 22:20:07,795 [INFO] gui.main_window: Progress 86% - Generating prediction (1680/2093)...
2026-04-18 22:20:10,199 [INFO] gui.main_window: Progress 86% - Generating prediction (1690/2093)...
2026-04-18 22:20:12,584 [INFO] gui.main_window: Progress 86% - Generating prediction (1700/2093)...
2026-04-18 22:20:14,922 [INFO] gui.main_window: Progress 86% - Generating prediction (1710/2093)...
2026-04-18 22:20:17,252 [INFO] gui.main_window: Progress 86% - Generating prediction (1720/2093)...
2026-04-18 22:20:19,712 [INFO] gui.main_window: Progress 86% - Generating prediction (1730/2093)...
2026-04-18 22:20:22,103 [INFO] gui.main_window: Progress 86% - Generating prediction (1740/2093)...
2026-04-18 22:20:24,421 [INFO] gui.main_window: Progress 86% - Generating prediction (1750/2093)...
2026-04-18 22:20:26,741 [INFO] gui.main_window: Progress 86% - Generating prediction (1760/2093)...
2026-04-18 22:20:28,938 [INFO] gui.main_window: Progress 86% - Generating prediction (1770/2093)...
2026-04-18 22:20:31,130 [INFO] gui.main_window: Progress 87% - Generating prediction (1780/2093)...
2026-04-18 22:20:33,336 [INFO] gui.main_window: Progress 87% - Generating prediction (1790/2093)...
2026-04-18 22:20:35,588 [INFO] gui.main_window: Progress 87% - Generating prediction (1800/2093)...
2026-04-18 22:20:37,797 [INFO] gui.main_window: Progress 87% - Generating prediction (1810/2093)...
2026-04-18 22:20:39,981 [INFO] gui.main_window: Progress 87% - Generating prediction (1820/2093)...
2026-04-18 22:20:42,108 [INFO] gui.main_window: Progress 87% - Generating prediction (1830/2093)...
2026-04-18 22:20:44,143 [INFO] gui.main_window: Progress 87% - Generating prediction (1840/2093)...
2026-04-18 22:20:46,059 [INFO] gui.main_window: Progress 87% - Generating prediction (1850/2093)...
2026-04-18 22:20:48,051 [INFO] gui.main_window: Progress 87% - Generating prediction (1860/2093)...
2026-04-18 22:20:49,986 [INFO] gui.main_window: Progress 87% - Generating prediction (1870/2093)...
2026-04-18 22:20:51,812 [INFO] gui.main_window: Progress 87% - Generating prediction (1880/2093)...
2026-04-18 22:20:53,609 [INFO] gui.main_window: Progress 88% - Generating prediction (1890/2093)...
2026-04-18 22:20:55,368 [INFO] gui.main_window: Progress 88% - Generating prediction (1900/2093)...
2026-04-18 22:20:57,003 [INFO] gui.main_window: Progress 88% - Generating prediction (1910/2093)...
2026-04-18 22:20:58,637 [INFO] gui.main_window: Progress 88% - Generating prediction (1920/2093)...
2026-04-18 22:21:00,294 [INFO] gui.main_window: Progress 88% - Generating prediction (1930/2093)...
2026-04-18 22:21:01,844 [INFO] gui.main_window: Progress 88% - Generating prediction (1940/2093)...
2026-04-18 22:21:03,374 [INFO] gui.main_window: Progress 88% - Generating prediction (1950/2093)...
2026-04-18 22:21:04,768 [INFO] gui.main_window: Progress 88% - Generating prediction (1960/2093)...
2026-04-18 22:21:06,070 [INFO] gui.main_window: Progress 88% - Generating prediction (1970/2093)...
2026-04-18 22:21:07,350 [INFO] gui.main_window: Progress 88% - Generating prediction (1980/2093)...
2026-04-18 22:21:08,577 [INFO] gui.main_window: Progress 89% - Generating prediction (1990/2093)...
2026-04-18 22:21:09,798 [INFO] gui.main_window: Progress 89% - Generating prediction (2000/2093)...
2026-04-18 22:21:10,930 [INFO] gui.main_window: Progress 89% - Generating prediction (2010/2093)...
2026-04-18 22:21:11,962 [INFO] gui.main_window: Progress 89% - Generating prediction (2020/2093)...
2026-04-18 22:21:12,916 [INFO] gui.main_window: Progress 89% - Generating prediction (2030/2093)...
2026-04-18 22:21:13,927 [INFO] gui.main_window: Progress 89% - Generating prediction (2040/2093)...
2026-04-18 22:21:14,763 [INFO] gui.main_window: Progress 89% - Generating prediction (2050/2093)...
2026-04-18 22:21:15,529 [INFO] gui.main_window: Progress 89% - Generating prediction (2060/2093)...
2026-04-18 22:21:16,217 [INFO] gui.main_window: Progress 89% - Generating prediction (2070/2093)...
2026-04-18 22:21:16,811 [INFO] gui.main_window: Progress 89% - Generating prediction (2080/2093)...
2026-04-18 22:21:17,311 [INFO] gui.main_window: Progress 89% - Generating prediction (2090/2093)...
2026-04-18 22:21:17,482 [INFO] core.stats_calculator: Menghitung sebaran dan memunculkan hasil...
2026-04-18 22:21:17,483 [INFO] gui.main_window: Progress 90% - Calculating stats...
2026-04-18 22:21:17,623 [INFO] core.stats_calculator: Menghitung sebaran dan memunculkan hasil...
2026-04-18 22:21:17,623 [INFO] gui.main_window: Progress 90% - Calculating stats (0/4)...
2026-04-18 22:21:17,769 [INFO] core.stats_calculator: Menghitung sebaran dan memunculkan hasil...
2026-04-18 22:21:17,770 [INFO] gui.main_window: Progress 91% - Calculating stats (1/4)...
2026-04-18 22:21:17,907 [INFO] core.stats_calculator: Menghitung sebaran dan memunculkan hasil...
2026-04-18 22:21:17,908 [INFO] gui.main_window: Progress 92% - Calculating stats (2/4)...
2026-04-18 22:21:18,048 [INFO] app.disease_controller: Stats: {'Healthy': 5.33, 'Low': 0.03, 'Mild': 94.64, 'Severe': 0.0, 'rekomendasi': 'High severity level, immediate action required!'}
2026-04-18 22:21:18,048 [INFO] gui.main_window: Progress 93% - Calculating stats (3/4)...
2026-04-18 22:21:18,049 [INFO] app.disease_controller: Semua proses selesai!
2026-04-18 22:21:18,064 [INFO] gui.main_window: Progress 100% - Done
2026-04-18 22:26:25,550 [INFO] gui.viewer: Membuka raster
2026-04-18 22:26:25,843 [INFO] gui.layer_panel: Sinyal terdeteksi, perbarui z-order
2026-04-18 22:26:25,843 [INFO] gui.layer_panel: Layer IDs di panel: [8, 9, 10]
2026-04-18 22:26:25,843 [INFO] gui.viewer: Mengatur z-order: [8, 9, 10]
2026-04-18 22:26:25,843 [INFO] gui.layer_panel: Berhasil menambah 'peta_sebaran_penyakit_blas.tif' dengan ID: 10
2026-04-18 22:26:25,844 [INFO] gui.viewer: Membuka raster
2026-04-18 22:26:26,161 [INFO] gui.layer_panel: Sinyal terdeteksi, perbarui z-order
2026-04-18 22:26:26,161 [INFO] gui.layer_panel: Layer IDs di panel: [8, 9, 10, 11]
2026-04-18 22:26:26,162 [INFO] gui.viewer: Mengatur z-order: [8, 9, 10, 11]
2026-04-18 22:26:26,162 [INFO] gui.layer_panel: Berhasil menambah 'peta_sebaran_penyakit_blb.tif' dengan ID: 11
2026-04-18 22:26:26,162 [INFO] gui.viewer: Membuka raster
2026-04-18 22:26:26,445 [INFO] gui.layer_panel: Sinyal terdeteksi, perbarui z-order
2026-04-18 22:26:26,445 [INFO] gui.layer_panel: Layer IDs di panel: [8, 9, 10, 11, 12]
2026-04-18 22:26:26,445 [INFO] gui.viewer: Mengatur z-order: [8, 9, 10, 11, 12]
2026-04-18 22:26:26,445 [INFO] gui.layer_panel: Berhasil menambah 'peta_sebaran_penyakit_bs.tif' dengan ID: 12
2026-04-18 22:26:26,445 [INFO] gui.viewer: Membuka raster
2026-04-18 22:26:26,737 [INFO] gui.layer_panel: Sinyal terdeteksi, perbarui z-order
2026-04-18 22:26:26,737 [INFO] gui.layer_panel: Layer IDs di panel: [8, 9, 10, 11, 12, 13]
2026-04-18 22:26:26,737 [INFO] gui.viewer: Mengatur z-order: [8, 9, 10, 11, 12, 13]
2026-04-18 22:26:26,738 [INFO] gui.layer_panel: Berhasil menambah 'peta_sebaran_penyakit_nbs.tif' dengan ID: 13
2026-04-18 22:26:31,923 [INFO] gui.main_window: Legenda diperbarui!
2026-04-18 22:26:31,927 [INFO] gui.layer_panel: Layer 13 diklik
2026-04-18 22:26:34,195 [INFO] gui.main_window: Legenda diperbarui!
2026-04-18 22:26:34,199 [INFO] gui.layer_panel: Layer 12 diklik
2026-04-18 22:26:35,579 [INFO] gui.main_window: Legenda diperbarui!
2026-04-18 22:26:35,583 [INFO] gui.layer_panel: Layer 11 diklik
2026-04-18 22:26:36,403 [INFO] gui.main_window: Legenda diperbarui!
2026-04-18 22:26:36,407 [INFO] gui.layer_panel: Layer 10 diklik
2026-04-18 22:26:37,499 [INFO] gui.main_window: Legenda diperbarui!
2026-04-18 22:26:37,502 [INFO] gui.layer_panel: Layer 13 diklik
2026-04-18 22:26:38,515 [INFO] gui.main_window: Legenda diperbarui!
2026-04-18 22:26:38,518 [INFO] gui.layer_panel: Layer 13 diklik
2026-04-18 22:26:39,850 [INFO] gui.layer_panel: Mengubah visibilitas layer 13
2026-04-18 22:26:39,851 [INFO] gui.main_window: Legenda diperbarui!
2026-04-18 22:26:39,855 [INFO] gui.layer_panel: Layer 13 diklik
2026-04-18 22:26:41,235 [INFO] gui.main_window: Legenda diperbarui!
2026-04-18 22:26:41,238 [INFO] gui.layer_panel: Layer 12 diklik
2026-04-18 22:26:46,091 [INFO] gui.layer_panel: Mengubah visibilitas layer 12
2026-04-18 22:26:46,091 [INFO] gui.main_window: Legenda diperbarui!
2026-04-18 22:26:46,095 [INFO] gui.layer_panel: Layer 12 diklik
2026-04-18 22:26:47,531 [INFO] gui.main_window: Legenda diperbarui!
2026-04-18 22:26:47,534 [INFO] gui.layer_panel: Layer 11 diklik
2026-04-18 22:26:59,020 [INFO] gui.main_window: Action: exit ditekan
